model,variant,dataset,N,pred_len,seed,MSE,MAE,provenance_id
iFlashformer,,ashrae,2362,96,2021,1135.453125,0.7035306096076965,ind_iFlash_ashrae_pl96_s2021
iFlashformer,,ashrae,2362,96,2022,1119.3253173828125,0.6985136270523071,ind_iFlash_ashrae_pl96_s2022
iFlashformer,,ashrae,2362,96,2023,1118.9320068359375,0.6960276961326599,ind_iFlash_ashrae_pl96_s2023
iFlashformer,,ashrae,2362,96,2024,1210.2437744140625,0.7336731553077698,ind_iFlash_ashrae_pl96_s2024
iFlashformer,,ashrae,2362,96,2025,1114.66796875,0.6958955526351929,ind_iFlash_ashrae_pl96_s2025
iFlashformer,,ashrae,2362,192,2021,1903.5924072265625,0.8478186130523682,ind_iFlash_ashrae_pl192_s2021
iFlashformer,,ashrae,2362,192,2022,1839.8682861328125,0.8363661766052246,ind_iFlash_ashrae_pl192_s2022
iFlashformer,,ashrae,2362,192,2023,1938.2938232421875,0.8450571298599243,ind_iFlash_ashrae_pl192_s2023
iFlashformer,,ashrae,2362,192,2024,1856.9200439453125,0.8394966721534729,ind_iFlash_ashrae_pl192_s2024
iFlashformer,,ashrae,2362,192,2025,1834.0469970703125,0.839381992816925,ind_iFlash_ashrae_pl192_s2025
iFlashformer,,ashrae,2362,336,2021,1874.3951416015625,0.8779892325401306,ind_iFlash_ashrae_pl336_s2021
iFlashformer,,ashrae,2362,336,2022,1877.2305908203125,0.8826731443405151,ind_iFlash_ashrae_pl336_s2022
iFlashformer,,ashrae,2362,336,2023,1882.06982421875,0.8901294469833374,ind_iFlash_ashrae_pl336_s2023
iFlashformer,,ashrae,2362,336,2024,1879.6990966796875,0.8892117738723755,ind_iFlash_ashrae_pl336_s2024
iFlashformer,,ashrae,2362,336,2025,1876.6375732421875,0.8782269954681396,ind_iFlash_ashrae_pl336_s2025
iFlashformer,,ashrae,2362,720,2021,1345.599609375,0.9451162219047546,ind_iFlash_ashrae_pl720_s2021
iFlashformer,,ashrae,2362,720,2022,1352.1824951171875,0.9572532176971436,ind_iFlash_ashrae_pl720_s2022
iFlashformer,,ashrae,2362,720,2023,1344.3883056640625,0.9396271109580994,ind_iFlash_ashrae_pl720_s2023
iFlashformer,,ashrae,2362,720,2024,1348.9952392578125,0.9514793157577515,ind_iFlash_ashrae_pl720_s2024
iFlashformer,,ashrae,2362,720,2025,1346.9405517578125,0.9430034756660461,ind_iFlash_ashrae_pl720_s2025
iFlashformer,,basf,244,96,2021,0.14521777629852295,0.09029889851808548,ind_iFlash_basf_pl96_s2021
iFlashformer,,basf,244,96,2022,0.14923028647899628,0.09143955260515213,ind_iFlash_basf_pl96_s2022
iFlashformer,,basf,244,96,2023,0.14244890213012695,0.08911141008138657,ind_iFlash_basf_pl96_s2023
iFlashformer,,basf,244,96,2024,0.13951754570007324,0.0875883474946022,ind_iFlash_basf_pl96_s2024
iFlashformer,,basf,244,96,2025,0.14389687776565552,0.08952020108699799,ind_iFlash_basf_pl96_s2025
iFlashformer,,basf,244,192,2021,0.1777292937040329,0.10130805522203445,ind_iFlash_basf_pl192_s2021
iFlashformer,,basf,244,192,2022,0.17529131472110748,0.10037444531917572,ind_iFlash_basf_pl192_s2022
iFlashformer,,basf,244,192,2023,0.17189326882362366,0.09951623529195786,ind_iFlash_basf_pl192_s2023
iFlashformer,,basf,244,192,2024,0.17305248975753784,0.09943849593400955,ind_iFlash_basf_pl192_s2024
iFlashformer,,basf,244,192,2025,0.17633767426013947,0.10071446001529694,ind_iFlash_basf_pl192_s2025
iFlashformer,,basf,244,336,2021,0.20946666598320007,0.11073765903711319,ind_iFlash_basf_pl336_s2021
iFlashformer,,basf,244,336,2022,0.21021001040935516,0.11112774908542633,ind_iFlash_basf_pl336_s2022
iFlashformer,,basf,244,336,2023,0.20983824133872986,0.11099416762590408,ind_iFlash_basf_pl336_s2023
iFlashformer,,basf,244,336,2024,0.21307873725891113,0.11172812432050705,ind_iFlash_basf_pl336_s2024
iFlashformer,,basf,244,336,2025,0.20835024118423462,0.11033181846141815,ind_iFlash_basf_pl336_s2025
iFlashformer,,basf,244,720,2021,0.29517972469329834,0.13169032335281372,ind_iFlash_basf_pl720_s2021
iFlashformer,,basf,244,720,2022,0.2942296266555786,0.13141588866710663,ind_iFlash_basf_pl720_s2022
iFlashformer,,basf,244,720,2023,0.2944844663143158,0.13140958547592163,ind_iFlash_basf_pl720_s2023
iFlashformer,,basf,244,720,2024,0.29543932345405394,0.13168521780328055,ind_iFlash_basf_pl720_s2024
iFlashformer,,basf,244,720,2025,0.29555216431617737,0.13169996440410614,ind_iFlash_basf_pl720_s2025
iFlashformer,,bdg2,2817,96,2021,10518706.0,13.486794471740723,ind_iFlash_bdg2_pl96_s2021
iFlashformer,,bdg2,2817,96,2022,10527131.0,13.512534141540527,ind_iFlash_bdg2_pl96_s2022
iFlashformer,,bdg2,2817,96,2023,10512225.0,13.380334854125977,ind_iFlash_bdg2_pl96_s2023
iFlashformer,,bdg2,2817,96,2024,10503814.0,13.334121704101562,ind_iFlash_bdg2_pl96_s2024
iFlashformer,,bdg2,2817,96,2025,10521106.0,13.45377254486084,ind_iFlash_bdg2_pl96_s2025
iFlashformer,,bdg2,2817,192,2021,5765247.5,13.717055320739746,ind_iFlash_bdg2_pl192_s2021
iFlashformer,,bdg2,2817,192,2022,5772489.0,13.752045631408691,ind_iFlash_bdg2_pl192_s2022
iFlashformer,,bdg2,2817,192,2023,5784015.5,13.871094703674316,ind_iFlash_bdg2_pl192_s2023
iFlashformer,,bdg2,2817,192,2024,5767924.0,13.80990219116211,ind_iFlash_bdg2_pl192_s2024
iFlashformer,,bdg2,2817,192,2025,5766772.5,13.749688148498535,ind_iFlash_bdg2_pl192_s2025
iFlashformer,,bdg2,2817,336,2021,3747525.75,13.954099655151367,ind_iFlash_bdg2_pl336_s2021
iFlashformer,,bdg2,2817,336,2022,3748439.75,14.015820503234863,ind_iFlash_bdg2_pl336_s2022
iFlashformer,,bdg2,2817,336,2023,3735506.0,13.82584285736084,ind_iFlash_bdg2_pl336_s2023
iFlashformer,,bdg2,2817,336,2024,3752318.5,13.978519439697266,ind_iFlash_bdg2_pl336_s2024
iFlashformer,,bdg2,2817,336,2025,3758218.0,14.01005744934082,ind_iFlash_bdg2_pl336_s2025
iFlashformer,,bdg2,2817,720,2021,2560118.0,15.58840560913086,ind_iFlash_bdg2_pl720_s2021
iFlashformer,,bdg2,2817,720,2022,2581431.25,15.678534507751465,ind_iFlash_bdg2_pl720_s2022
iFlashformer,,bdg2,2817,720,2023,2558217.5,15.578864097595215,ind_iFlash_bdg2_pl720_s2023
iFlashformer,,bdg2,2817,720,2024,2523232.75,15.304070472717285,ind_iFlash_bdg2_pl720_s2024
iFlashformer,,bdg2,2817,720,2025,2537592.5,15.406515121459961,ind_iFlash_bdg2_pl720_s2025
iFlashformer,,care_wind,238,96,2021,1.4834871292114258,0.45268023014068604,ind_iFlash_care_wind_pl96_s2021
iFlashformer,,care_wind,238,96,2022,1.5513598918914795,0.4789397716522217,ind_iFlash_care_wind_pl96_s2022
iFlashformer,,care_wind,238,96,2023,1.5580027103424072,0.4830333888530731,ind_iFlash_care_wind_pl96_s2023
iFlashformer,,care_wind,238,96,2024,1.5579500198364258,0.4806821942329407,ind_iFlash_care_wind_pl96_s2024
iFlashformer,,care_wind,238,96,2025,1.5045685768127441,0.4596923589706421,ind_iFlash_care_wind_pl96_s2025
iFlashformer,,care_wind,238,192,2021,1.798311471939087,0.538824200630188,ind_iFlash_care_wind_pl192_s2021
iFlashformer,,care_wind,238,192,2022,1.8139240741729736,0.5414332151412964,ind_iFlash_care_wind_pl192_s2022
iFlashformer,,care_wind,238,192,2023,1.822495698928833,0.544571578502655,ind_iFlash_care_wind_pl192_s2023
iFlashformer,,care_wind,238,192,2024,1.8203037977218628,0.5466694831848145,ind_iFlash_care_wind_pl192_s2024
iFlashformer,,care_wind,238,192,2025,1.7966992855072021,0.5362582802772522,ind_iFlash_care_wind_pl192_s2025
iFlashformer,,care_wind,238,336,2021,2.044344902038574,0.5976523756980896,ind_iFlash_care_wind_pl336_s2021
iFlashformer,,care_wind,238,336,2022,2.070202112197876,0.6073387861251831,ind_iFlash_care_wind_pl336_s2022
iFlashformer,,care_wind,238,336,2023,2.0708272457122803,0.6053900718688965,ind_iFlash_care_wind_pl336_s2023
iFlashformer,,care_wind,238,336,2024,2.049955368041992,0.5952802300453186,ind_iFlash_care_wind_pl336_s2024
iFlashformer,,care_wind,238,336,2025,2.044830560684204,0.5935236811637878,ind_iFlash_care_wind_pl336_s2025
iFlashformer,,care_wind,238,720,2021,2.3625011444091797,0.6789364218711853,ind_iFlash_care_wind_pl720_s2021
iFlashformer,,care_wind,238,720,2022,2.35227370262146,0.6770025491714478,ind_iFlash_care_wind_pl720_s2022
iFlashformer,,care_wind,238,720,2023,2.357621908187866,0.6777765154838562,ind_iFlash_care_wind_pl720_s2023
iFlashformer,,care_wind,238,720,2024,2.3585429191589355,0.677836000919342,ind_iFlash_care_wind_pl720_s2024
iFlashformer,,care_wind,238,720,2025,2.3487775325775146,0.6754442453384399,ind_iFlash_care_wind_pl720_s2025
iFlashformer,,kamp,228,96,2021,0.310975044965744,0.2255500853061676,ind_iFlash_kamp_pl96_s2021
iFlashformer,,kamp,228,96,2022,0.38170650601387024,0.2619450092315674,ind_iFlash_kamp_pl96_s2022
iFlashformer,,kamp,228,96,2023,0.3376571834087372,0.23944400250911713,ind_iFlash_kamp_pl96_s2023
iFlashformer,,kamp,228,96,2024,0.3935255706310272,0.2639547288417816,ind_iFlash_kamp_pl96_s2024
iFlashformer,,kamp,228,96,2025,0.31870055198669434,0.22693891823291779,ind_iFlash_kamp_pl96_s2025
iFlashformer,,kamp,228,192,2021,0.4562389850616455,0.29376307129859924,ind_iFlash_kamp_pl192_s2021
iFlashformer,,kamp,228,192,2022,0.4731054902076721,0.3018597364425659,ind_iFlash_kamp_pl192_s2022
iFlashformer,,kamp,228,192,2023,0.4366320073604584,0.28945159912109375,ind_iFlash_kamp_pl192_s2023
iFlashformer,,kamp,228,192,2024,0.45302852988243103,0.29493919014930725,ind_iFlash_kamp_pl192_s2024
iFlashformer,,kamp,228,192,2025,0.45888084173202515,0.2985239624977112,ind_iFlash_kamp_pl192_s2025
iFlashformer,,kamp,228,336,2021,0.5845450758934021,0.3554860055446625,ind_iFlash_kamp_pl336_s2021
iFlashformer,,kamp,228,336,2022,0.5770192742347717,0.35547804832458496,ind_iFlash_kamp_pl336_s2022
iFlashformer,,kamp,228,336,2023,0.5582985281944275,0.345441609621048,ind_iFlash_kamp_pl336_s2023
iFlashformer,,kamp,228,336,2024,0.577360987663269,0.35687702894210815,ind_iFlash_kamp_pl336_s2024
iFlashformer,,kamp,228,336,2025,0.5600546598434448,0.35003259778022766,ind_iFlash_kamp_pl336_s2025
iFlashformer,,kamp,228,720,2021,0.9031727313995361,0.5127909779548645,ind_iFlash_kamp_pl720_s2021
iFlashformer,,kamp,228,720,2022,0.9212188124656677,0.5116735696792603,ind_iFlash_kamp_pl720_s2022
iFlashformer,,kamp,228,720,2023,0.9226072430610657,0.513430655002594,ind_iFlash_kamp_pl720_s2023
iFlashformer,,kamp,228,720,2024,0.9185908436775208,0.5113397836685181,ind_iFlash_kamp_pl720_s2024
iFlashformer,,kamp,228,720,2025,0.9187037944793701,0.519120991230011,ind_iFlash_kamp_pl720_s2025
iFlashformer,,sdwpf,2144,96,2021,1.3738563060760498,0.5981833338737488,ind_iFlash_sdwpf_pl96_s2021
iFlashformer,,sdwpf,2144,96,2022,1.2491604089736938,0.5560110211372375,ind_iFlash_sdwpf_pl96_s2022
iFlashformer,,sdwpf,2144,96,2023,1.2483347654342651,0.5573321580886841,ind_iFlash_sdwpf_pl96_s2023
iFlashformer,,sdwpf,2144,96,2024,1.253343939781189,0.5544769167900085,ind_iFlash_sdwpf_pl96_s2024
iFlashformer,,sdwpf,2144,96,2025,1.2410351037979126,0.5485695600509644,ind_iFlash_sdwpf_pl96_s2025
iFlashformer,,sdwpf,2144,192,2021,1.5639636516571045,0.6325806975364685,ind_iFlash_sdwpf_pl192_s2021
iFlashformer,,sdwpf,2144,192,2022,1.5742961168289185,0.6342759132385254,ind_iFlash_sdwpf_pl192_s2022
iFlashformer,,sdwpf,2144,192,2023,1.591198444366455,0.6338917016983032,ind_iFlash_sdwpf_pl192_s2023
iFlashformer,,sdwpf,2144,192,2024,1.570312261581421,0.6360645294189453,ind_iFlash_sdwpf_pl192_s2024
iFlashformer,,sdwpf,2144,192,2025,1.5938419103622437,0.6424590945243835,ind_iFlash_sdwpf_pl192_s2025
iFlashformer,,sdwpf,2144,336,2021,1.8264488575651605,0.6832320709988822,ind_iFlash_sdwpf_pl336_s2021
iFlashformer,,sdwpf,2144,336,2022,1.866894827405009,0.7021664846205805,ind_iFlash_sdwpf_pl336_s2022
iFlashformer,,sdwpf,2144,336,2023,1.8323112367291237,0.6854553724170828,ind_iFlash_sdwpf_pl336_s2023
iFlashformer,,sdwpf,2144,336,2024,1.8514032425591356,0.6960548610732331,ind_iFlash_sdwpf_pl336_s2024
iFlashformer,,sdwpf,2144,336,2025,1.8077908081951826,0.6887779892436662,ind_iFlash_sdwpf_pl336_s2025
iFlashformer,,sdwpf,2144,720,2021,2.027682321678607,0.7468834048803712,ind_iFlash_sdwpf_pl720_s2021
iFlashformer,,sdwpf,2144,720,2022,2.050880662288137,0.7511585016781238,ind_iFlash_sdwpf_pl720_s2022
iFlashformer,,sdwpf,2144,720,2023,2.040109247354771,0.7447029812267121,ind_iFlash_sdwpf_pl720_s2023
iFlashformer,,sdwpf,2144,720,2024,2.0725343583543228,0.7484324506941621,ind_iFlash_sdwpf_pl720_s2024
iFlashformer,,sdwpf,2144,720,2025,2.0410019083987967,0.7477767026951825,ind_iFlash_sdwpf_pl720_s2025
iTransformer,,ashrae,2362,96,2021,1087.6494140625,0.6950466632843018,ind_iT_ashrae_pl96_s2021
iTransformer,,ashrae,2362,96,2022,1120.736328125,0.7010677456855774,ind_iT_ashrae_pl96_s2022
iTransformer,,ashrae,2362,96,2023,1100.7598876953125,0.6967904567718506,ind_iT_ashrae_pl96_s2023
iTransformer,,ashrae,2362,96,2024,1082.0008544921875,0.6956804990768433,ind_iT_ashrae_pl96_s2024
iTransformer,,ashrae,2362,96,2025,1116.385009765625,0.6984052062034607,ind_iT_ashrae_pl96_s2025
iTransformer,,ashrae,2362,192,2021,1907.904052734375,0.8428040146827698,ind_iT_ashrae_pl192_s2021
iTransformer,,ashrae,2362,192,2022,1856.0025634765625,0.8408796787261963,ind_iT_ashrae_pl192_s2022
iTransformer,,ashrae,2362,192,2023,1925.0347900390625,0.8436092734336853,ind_iT_ashrae_pl192_s2023
iTransformer,,ashrae,2362,192,2024,1894.525634765625,0.8447477221488953,ind_iT_ashrae_pl192_s2024
iTransformer,,ashrae,2362,192,2025,1850.1693115234375,0.8383513689041138,ind_iT_ashrae_pl192_s2025
iTransformer,,ashrae,2362,336,2021,1875.340576171875,0.8786462545394897,ind_iT_ashrae_pl336_s2021
iTransformer,,ashrae,2362,336,2022,1878.2779541015625,0.8856489062309265,ind_iT_ashrae_pl336_s2022
iTransformer,,ashrae,2362,336,2023,1880.9571533203125,0.8882087469100952,ind_iT_ashrae_pl336_s2023
iTransformer,,ashrae,2362,336,2024,1875.6160888671875,0.8797608613967896,ind_iT_ashrae_pl336_s2024
iTransformer,,ashrae,2362,336,2025,1877.494873046875,0.8796653747558594,ind_iT_ashrae_pl336_s2025
iTransformer,,ashrae,2362,720,2021,1344.551025390625,0.9403559565544128,ind_iT_ashrae_pl720_s2021
iTransformer,,ashrae,2362,720,2022,1354.675048828125,0.9578824043273926,ind_iT_ashrae_pl720_s2022
iTransformer,,ashrae,2362,720,2023,1344.1546630859375,0.9392493963241577,ind_iT_ashrae_pl720_s2023
iTransformer,,ashrae,2362,720,2024,1355.60400390625,0.9599511027336121,ind_iT_ashrae_pl720_s2024
iTransformer,,ashrae,2362,720,2025,1343.89794921875,0.9381793141365051,ind_iT_ashrae_pl720_s2025
iTransformer,,basf,244,96,2021,0.14119122922420502,0.08816070854663849,ind_iT_basf_pl96_s2021
iTransformer,,basf,244,96,2022,0.1437453031539917,0.08911450952291489,ind_iT_basf_pl96_s2022
iTransformer,,basf,244,96,2023,0.14396627247333527,0.0894007757306099,ind_iT_basf_pl96_s2023
iTransformer,,basf,244,96,2024,0.14078988134860992,0.08775969594717026,ind_iT_basf_pl96_s2024
iTransformer,,basf,244,96,2025,0.14021281898021698,0.08804356306791306,ind_iT_basf_pl96_s2025
iTransformer,,basf,244,192,2021,0.17244268953800201,0.09976785629987717,ind_iT_basf_pl192_s2021
iTransformer,,basf,244,192,2022,0.17153601348400116,0.09926532208919525,ind_iT_basf_pl192_s2022
iTransformer,,basf,244,192,2023,0.17657311260700226,0.1006682887673378,ind_iT_basf_pl192_s2023
iTransformer,,basf,244,192,2024,0.1735624223947525,0.09957210719585419,ind_iT_basf_pl192_s2024
iTransformer,,basf,244,192,2025,0.17579324543476105,0.10060113668441772,ind_iT_basf_pl192_s2025
iTransformer,,basf,244,336,2021,0.20739838480949402,0.11044991761445999,ind_iT_basf_pl336_s2021
iTransformer,,basf,244,336,2022,0.21289528906345367,0.1117062121629715,ind_iT_basf_pl336_s2022
iTransformer,,basf,244,336,2023,0.21023419499397278,0.11111672222614288,ind_iT_basf_pl336_s2023
iTransformer,,basf,244,336,2024,0.2108089178800583,0.11097865551710129,ind_iT_basf_pl336_s2024
iTransformer,,basf,244,336,2025,0.21301530301570892,0.11171098053455353,ind_iT_basf_pl336_s2025
iTransformer,,basf,244,720,2021,0.2939367890357971,0.13131757080554962,ind_iT_basf_pl720_s2021
iTransformer,,basf,244,720,2022,0.29345405101776123,0.13124115765094757,ind_iT_basf_pl720_s2022
iTransformer,,basf,244,720,2023,0.2935565114021301,0.13119365274906158,ind_iT_basf_pl720_s2023
iTransformer,,basf,244,720,2024,0.2934436798095703,0.13132056593894958,ind_iT_basf_pl720_s2024
iTransformer,,basf,244,720,2025,0.2934194505214691,0.13135270774364471,ind_iT_basf_pl720_s2025
iTransformer,,bdg2,2817,96,2021,10525966.0,13.535114288330078,ind_iT_bdg2_pl96_s2021
iTransformer,,bdg2,2817,96,2022,10520505.0,13.476694107055664,ind_iT_bdg2_pl96_s2022
iTransformer,,bdg2,2817,96,2023,10513869.0,13.403091430664062,ind_iT_bdg2_pl96_s2023
iTransformer,,bdg2,2817,96,2024,10519751.0,13.46424674987793,ind_iT_bdg2_pl96_s2024
iTransformer,,bdg2,2817,96,2025,10514391.0,13.414935111999512,ind_iT_bdg2_pl96_s2025
iTransformer,,bdg2,2817,192,2021,5767125.5,13.734319686889648,ind_iT_bdg2_pl192_s2021
iTransformer,,bdg2,2817,192,2022,5778514.5,13.77120590209961,ind_iT_bdg2_pl192_s2022
iTransformer,,bdg2,2817,192,2023,5781007.0,13.858970642089844,ind_iT_bdg2_pl192_s2023
iTransformer,,bdg2,2817,192,2024,5765870.5,13.804563522338867,ind_iT_bdg2_pl192_s2024
iTransformer,,bdg2,2817,192,2025,5765800.5,13.741018295288086,ind_iT_bdg2_pl192_s2025
iTransformer,,bdg2,2817,336,2021,3749270.25,13.970816612243652,ind_iT_bdg2_pl336_s2021
iTransformer,,bdg2,2817,336,2022,3748072.5,14.013914108276367,ind_iT_bdg2_pl336_s2022
iTransformer,,bdg2,2817,336,2023,3740562.5,13.882716178894043,ind_iT_bdg2_pl336_s2023
iTransformer,,bdg2,2817,336,2024,3758721.25,14.049114227294922,ind_iT_bdg2_pl336_s2024
iTransformer,,bdg2,2817,336,2025,3757037.5,13.97946834564209,ind_iT_bdg2_pl336_s2025
iTransformer,,bdg2,2817,720,2021,2566993.25,15.624580383300781,ind_iT_bdg2_pl720_s2021
iTransformer,,bdg2,2817,720,2022,2586501.0,15.715721130371094,ind_iT_bdg2_pl720_s2022
iTransformer,,bdg2,2817,720,2023,2560228.0,15.581425666809082,ind_iT_bdg2_pl720_s2023
iTransformer,,bdg2,2817,720,2024,2519134.5,15.277925491333008,ind_iT_bdg2_pl720_s2024
iTransformer,,bdg2,2817,720,2025,2550300.5,15.480267524719238,ind_iT_bdg2_pl720_s2025
iTransformer,,care_wind,238,96,2021,1.5884201526641846,0.4807151257991791,ind_iT_care_wind_pl96_s2021
iTransformer,,care_wind,238,96,2022,1.5856977701187134,0.49089568853378296,ind_iT_care_wind_pl96_s2022
iTransformer,,care_wind,238,96,2023,1.5505335330963135,0.47751471400260925,ind_iT_care_wind_pl96_s2023
iTransformer,,care_wind,238,96,2024,1.5543196201324463,0.47837671637535095,ind_iT_care_wind_pl96_s2024
iTransformer,,care_wind,238,96,2025,1.555769920349121,0.4780949652194977,ind_iT_care_wind_pl96_s2025
iTransformer,,care_wind,238,192,2021,1.8414541482925415,0.5569603443145752,ind_iT_care_wind_pl192_s2021
iTransformer,,care_wind,238,192,2022,1.8220219612121582,0.5461056232452393,ind_iT_care_wind_pl192_s2022
iTransformer,,care_wind,238,192,2023,1.8280190229415894,0.5446455478668213,ind_iT_care_wind_pl192_s2023
iTransformer,,care_wind,238,192,2024,1.8373175859451294,0.5516764521598816,ind_iT_care_wind_pl192_s2024
iTransformer,,care_wind,238,192,2025,1.8211216926574707,0.5415492057800293,ind_iT_care_wind_pl192_s2025
iTransformer,,care_wind,238,336,2021,2.0592803955078125,0.6000803112983704,ind_iT_care_wind_pl336_s2021
iTransformer,,care_wind,238,336,2022,2.042473793029785,0.5923336148262024,ind_iT_care_wind_pl336_s2022
iTransformer,,care_wind,238,336,2023,2.0475101470947266,0.5937085151672363,ind_iT_care_wind_pl336_s2023
iTransformer,,care_wind,238,336,2024,2.0870556831359863,0.605047881603241,ind_iT_care_wind_pl336_s2024
iTransformer,,care_wind,238,336,2025,2.057044506072998,0.6001105308532715,ind_iT_care_wind_pl336_s2025
iTransformer,,care_wind,238,720,2021,2.3549938201904297,0.6801217198371887,ind_iT_care_wind_pl720_s2021
iTransformer,,care_wind,238,720,2022,2.354365110397339,0.6777750253677368,ind_iT_care_wind_pl720_s2022
iTransformer,,care_wind,238,720,2023,2.376587390899658,0.6759666800498962,ind_iT_care_wind_pl720_s2023
iTransformer,,care_wind,238,720,2024,2.3455049991607666,0.6764066219329834,ind_iT_care_wind_pl720_s2024
iTransformer,,care_wind,238,720,2025,2.341451644897461,0.6751075387001038,ind_iT_care_wind_pl720_s2025
iTransformer,,kamp,228,96,2021,0.3334396779537201,0.23852568864822388,ind_iT_kamp_pl96_s2021
iTransformer,,kamp,228,96,2022,0.2864253520965576,0.22522969543933868,ind_iT_kamp_pl96_s2022
iTransformer,,kamp,228,96,2023,0.3955249786376953,0.2603342533111572,ind_iT_kamp_pl96_s2023
iTransformer,,kamp,228,96,2024,0.304924875497818,0.23490190505981445,ind_iT_kamp_pl96_s2024
iTransformer,,kamp,228,96,2025,0.2992350161075592,0.2321886420249939,ind_iT_kamp_pl96_s2025
iTransformer,,kamp,228,192,2021,0.43554919958114624,0.2970597743988037,ind_iT_kamp_pl192_s2021
iTransformer,,kamp,228,192,2022,0.45680224895477295,0.2980209290981293,ind_iT_kamp_pl192_s2022
iTransformer,,kamp,228,192,2023,0.44308874011039734,0.2897619903087616,ind_iT_kamp_pl192_s2023
iTransformer,,kamp,228,192,2024,0.44509217143058777,0.29704806208610535,ind_iT_kamp_pl192_s2024
iTransformer,,kamp,228,192,2025,0.4593881666660309,0.3006201684474945,ind_iT_kamp_pl192_s2025
iTransformer,,kamp,228,336,2021,0.5747269988059998,0.3578234314918518,ind_iT_kamp_pl336_s2021
iTransformer,,kamp,228,336,2022,0.5645731687545776,0.35427936911582947,ind_iT_kamp_pl336_s2022
iTransformer,,kamp,228,336,2023,0.5540573000907898,0.3472512364387512,ind_iT_kamp_pl336_s2023
iTransformer,,kamp,228,336,2024,0.5298823118209839,0.34448137879371643,ind_iT_kamp_pl336_s2024
iTransformer,,kamp,228,336,2025,0.5881885290145874,0.3598073720932007,ind_iT_kamp_pl336_s2025
iTransformer,,kamp,228,720,2021,0.9518418908119202,0.5224330425262451,ind_iT_kamp_pl720_s2021
iTransformer,,kamp,228,720,2022,0.8967587351799011,0.5069306492805481,ind_iT_kamp_pl720_s2022
iTransformer,,kamp,228,720,2023,0.9237446188926697,0.5088140368461609,ind_iT_kamp_pl720_s2023
iTransformer,,kamp,228,720,2024,0.9241735935211182,0.5138142108917236,ind_iT_kamp_pl720_s2024
iTransformer,,kamp,228,720,2025,0.9483722448348999,0.5213264226913452,ind_iT_kamp_pl720_s2025
iTransformer,,sdwpf,2144,96,2021,1.262693166732788,0.5553813576698303,ind_iT_sdwpf_pl96_s2021
iTransformer,,sdwpf,2144,96,2022,1.242240309715271,0.5498339533805847,ind_iT_sdwpf_pl96_s2022
iTransformer,,sdwpf,2144,96,2023,1.2521491050720215,0.5598748922348022,ind_iT_sdwpf_pl96_s2023
iTransformer,,sdwpf,2144,96,2024,1.2737280130386353,0.5635181069374084,ind_iT_sdwpf_pl96_s2024
iTransformer,,sdwpf,2144,96,2025,1.264360785484314,0.5654399991035461,ind_iT_sdwpf_pl96_s2025
iTransformer,,sdwpf,2144,192,2021,1.5876030921936035,0.6336756348609924,ind_iT_sdwpf_pl192_s2021
iTransformer,,sdwpf,2144,192,2022,1.573110580444336,0.6322965621948242,ind_iT_sdwpf_pl192_s2022
iTransformer,,sdwpf,2144,192,2023,1.5976276397705078,0.6415866613388062,ind_iT_sdwpf_pl192_s2023
iTransformer,,sdwpf,2144,192,2024,1.5935726165771484,0.6389731168746948,ind_iT_sdwpf_pl192_s2024
iTransformer,,sdwpf,2144,192,2025,1.5954707860946655,0.6392529010772705,ind_iT_sdwpf_pl192_s2025
iTransformer,,sdwpf,2144,336,2021,1.8551335019414834,0.6973176872467023,ind_iT_sdwpf_pl336_s2021
iTransformer,,sdwpf,2144,336,2022,1.846723092219664,0.6921318343307389,ind_iT_sdwpf_pl336_s2022
iTransformer,,sdwpf,2144,336,2023,1.845444263543061,0.6953791439103296,ind_iT_sdwpf_pl336_s2023
iTransformer,,sdwpf,2144,336,2024,1.831166088679707,0.6911792645659287,ind_iT_sdwpf_pl336_s2024
iTransformer,,sdwpf,2144,336,2025,1.8442374028383683,0.6955819066731165,ind_iT_sdwpf_pl336_s2025
iTransformer,,sdwpf,2144,720,2021,2.0296350482017043,0.742181006111326,ind_iT_sdwpf_pl720_s2021
iTransformer,,sdwpf,2144,720,2022,2.0564054253912785,0.7503258629835112,ind_iT_sdwpf_pl720_s2022
iTransformer,,sdwpf,2144,720,2023,2.0215166080973384,0.7448247225848439,ind_iT_sdwpf_pl720_s2023
iTransformer,,sdwpf,2144,720,2024,2.0643281679749568,0.7504919915596541,ind_iT_sdwpf_pl720_s2024
iTransformer,,sdwpf,2144,720,2025,2.035379606283097,0.750244373560571,ind_iT_sdwpf_pl720_s2025
S-Mamba,,kamp,228,96,2021,0.32097765803337097,0.21898558735847473,s_mamba_kamp_pl96_s2021
S-Mamba,,sdwpf,2144,336,2021,1.7042375911322483,0.6516052648609434,s_mamba_sdwpf_pl336_s2021
S-Mamba,,sdwpf,2144,720,2021,2.0138339522253297,0.7172245356472547,s_mamba_sdwpf_pl720_s2021
S-Mamba,,sdwpf,2144,192,2021,1.4252203262663539,0.5960977929368676,s_mamba_sdwpf_pl192_s2021
S-Mamba,,sdwpf,2144,96,2021,1.1374777388288033,0.5210095295090943,s_mamba_sdwpf_pl96_s2021
S-Mamba,,ashrae,2362,720,2021,1348.397195229151,0.9488990261468755,s_mamba_ashrae_pl720_s2021
S-Mamba,,ashrae,2362,336,2021,1883.3273565782076,0.897250596201384,s_mamba_ashrae_pl336_s2021
S-Mamba,,ashrae,2362,192,2021,2004.3929095017263,0.883580447564591,s_mamba_ashrae_pl192_s2021
S-Mamba,,ashrae,2362,96,2021,1037.6655141895217,0.6975591512940011,s_mamba_ashrae_pl96_s2021
S-Mamba,,bdg2,2817,720,2021,2508910.330325939,15.239783365105577,s_mamba_bdg2_pl720_s2021
S-Mamba,,bdg2,2817,336,2021,3731328.8409788157,13.817501161435834,s_mamba_bdg2_pl336_s2021
S-Mamba,,bdg2,2817,192,2021,5807000.154798413,14.026978974352746,s_mamba_bdg2_pl192_s2021
S-Mamba,,bdg2,2817,96,2021,10505269.13279139,13.434429408170798,s_mamba_bdg2_pl96_s2021
S-Mamba,,kamp,228,720,2021,0.8980967087066456,0.510759007447312,s_mamba_kamp_pl720_s2021
S-Mamba,,kamp,228,336,2021,0.5380525644341757,0.3532268229101905,s_mamba_kamp_pl336_s2021
S-Mamba,,kamp,228,192,2021,0.45350410226090504,0.2926759761125796,s_mamba_kamp_pl192_s2021
S-Mamba,,care_wind,238,720,2021,2.3409130554066193,0.666759735832202,s_mamba_care_wind_pl720_s2021
S-Mamba,,care_wind,238,336,2021,2.088382722333781,0.6056933803203983,s_mamba_care_wind_pl336_s2021
S-Mamba,,care_wind,238,192,2021,1.7503553626669779,0.5202856421780332,s_mamba_care_wind_pl192_s2021
S-Mamba,,care_wind,238,96,2021,1.4407411982922953,0.43951584607605476,s_mamba_care_wind_pl96_s2021
S-Mamba,,basf,244,720,2021,0.28254681627653727,0.1288684529482346,s_mamba_basf_pl720_s2021
S-Mamba,,basf,244,336,2021,0.1978204914441117,0.10797642607107959,s_mamba_basf_pl336_s2021
S-Mamba,,basf,244,192,2021,0.16055851101592908,0.09599653473378654,s_mamba_basf_pl192_s2021
S-Mamba,,basf,244,96,2021,0.12797682654407364,0.08228732102039307,s_mamba_basf_pl96_s2021
S-Mamba,,sdwpf,2144,720,2022,1.857872796544335,0.7103084381216759,s_mamba_sdwpf_pl720_s2022
S-Mamba,,sdwpf,2144,336,2022,1.6632645582544239,0.6551589262075528,s_mamba_sdwpf_pl336_s2022
S-Mamba,,sdwpf,2144,96,2022,1.1829260250428155,0.5494095914911912,s_mamba_sdwpf_pl96_s2022
S-Mamba,,ashrae,2362,720,2022,1417.1510786568251,1.0727556380328722,s_mamba_ashrae_pl720_s2022
S-Mamba,,ashrae,2362,336,2022,1901.8374317200382,0.935229352163941,s_mamba_ashrae_pl336_s2022
S-Mamba,,ashrae,2362,192,2022,1875.7384959622043,0.8616374511822222,s_mamba_ashrae_pl192_s2022
S-Mamba,,ashrae,2362,96,2022,1055.2104461208407,0.6948179502900224,s_mamba_ashrae_pl96_s2022
S-Mamba,,bdg2,2817,720,2022,2544034.088837688,15.496421995341164,s_mamba_bdg2_pl720_s2022
S-Mamba,,bdg2,2817,336,2022,3717753.523519239,13.702184904145364,s_mamba_bdg2_pl336_s2022
S-Mamba,,bdg2,2817,192,2022,5770634.851776759,13.802584013113046,s_mamba_bdg2_pl192_s2022
S-Mamba,,bdg2,2817,96,2022,10522157.378737073,13.500415503663552,s_mamba_bdg2_pl96_s2022
S-Mamba,,kamp,228,720,2022,0.9241602633769804,0.5141537123118382,s_mamba_kamp_pl720_s2022
S-Mamba,,kamp,228,336,2022,0.5489411662719419,0.34287953836510604,s_mamba_kamp_pl336_s2022
S-Mamba,,kamp,228,192,2022,0.8530477667758759,0.3355134225555266,s_mamba_kamp_pl192_s2022
S-Mamba,,kamp,228,96,2022,0.5045101769808422,0.23597468852095893,s_mamba_kamp_pl96_s2022
S-Mamba,,care_wind,238,720,2022,2.324026123820223,0.669957395888074,s_mamba_care_wind_pl720_s2022
S-Mamba,,care_wind,238,336,2022,2.0191293726461677,0.5850747256179228,s_mamba_care_wind_pl336_s2022
S-Mamba,,care_wind,238,192,2022,1.8065622912954937,0.5371569011026063,s_mamba_care_wind_pl192_s2022
S-Mamba,,care_wind,238,96,2022,1.4391517936780747,0.43826610339455485,s_mamba_care_wind_pl96_s2022
S-Mamba,,basf,244,720,2022,0.28484201416232596,0.12949911055277874,s_mamba_basf_pl720_s2022
S-Mamba,,basf,244,336,2022,0.19924038009381279,0.10794152328010277,s_mamba_basf_pl336_s2022
S-Mamba,,basf,244,192,2022,0.1619960782699502,0.095853701166264,s_mamba_basf_pl192_s2022
S-Mamba,,basf,244,96,2022,0.12697482990401038,0.08219181312734439,s_mamba_basf_pl96_s2022
S-Mamba,,sdwpf,2144,720,2023,1.8729015610496649,0.7087096804744171,s_mamba_sdwpf_pl720_s2023
S-Mamba,,sdwpf,2144,336,2023,1.6614000773566633,0.6566940087525921,s_mamba_sdwpf_pl336_s2023
S-Mamba,,sdwpf,2144,96,2023,1.1167988154990423,0.5197646665334481,s_mamba_sdwpf_pl96_s2023
S-Mamba,,ashrae,2362,720,2023,1406.1810414194968,1.0667397525588642,s_mamba_ashrae_pl720_s2023
S-Mamba,,ashrae,2362,336,2023,1893.3216330881928,0.9252710283890113,s_mamba_ashrae_pl336_s2023
S-Mamba,,ashrae,2362,192,2023,1958.5581840505938,0.8649074492824605,s_mamba_ashrae_pl192_s2023
S-Mamba,,ashrae,2362,96,2023,1095.3079377999018,0.704997058175254,s_mamba_ashrae_pl96_s2023
S-Mamba,,bdg2,2817,720,2023,2531010.3237531437,15.398301256781318,s_mamba_bdg2_pl720_s2023
S-Mamba,,bdg2,2817,336,2023,3742978.2779432046,13.94539375846264,s_mamba_bdg2_pl336_s2023
S-Mamba,,bdg2,2817,192,2023,5755472.855135424,13.746647278483659,s_mamba_bdg2_pl192_s2023
S-Mamba,,bdg2,2817,96,2023,10547888.710721113,13.749118589533152,s_mamba_bdg2_pl96_s2023
S-Mamba,,kamp,228,720,2023,0.9030018087184776,0.5071801487704823,s_mamba_kamp_pl720_s2023
S-Mamba,,kamp,228,336,2023,0.5715539713859393,0.3591720549848466,s_mamba_kamp_pl336_s2023
S-Mamba,,kamp,228,192,2023,0.3753308006001767,0.26882683017152803,s_mamba_kamp_pl192_s2023
S-Mamba,,kamp,228,96,2023,0.309711003037187,0.23346982191964952,s_mamba_kamp_pl96_s2023
S-Mamba,,care_wind,238,720,2023,2.3467938305978917,0.665939916183896,s_mamba_care_wind_pl720_s2023
S-Mamba,,care_wind,238,336,2023,2.0747566831565374,0.5955138864758347,s_mamba_care_wind_pl336_s2023
S-Mamba,,care_wind,238,192,2023,1.7633278011474915,0.5204947657407597,s_mamba_care_wind_pl192_s2023
S-Mamba,,care_wind,238,96,2023,1.4518774004299861,0.4346891741514696,s_mamba_care_wind_pl96_s2023
S-Mamba,,basf,244,336,2023,0.1967557411329001,0.10800784583263283,s_mamba_basf_pl336_s2023
S-Mamba,,basf,244,192,2023,0.15949758198372924,0.09535515501558875,s_mamba_basf_pl192_s2023
S-Mamba,,basf,244,96,2023,0.12700096519337553,0.08201259625596194,s_mamba_basf_pl96_s2023
S-Mamba,,sdwpf,2144,720,2024,1.8368313299343115,0.7094186414475562,s_mamba_sdwpf_pl720_s2024
S-Mamba,,sdwpf,2144,336,2024,1.723818147925578,0.6566281643737432,s_mamba_sdwpf_pl336_s2024
S-Mamba,,sdwpf,2144,96,2024,1.136595304746263,0.522111456457609,s_mamba_sdwpf_pl96_s2024
S-Mamba,,ashrae,2362,720,2024,1351.8565947740544,0.9598532902140511,s_mamba_ashrae_pl720_s2024
S-Mamba,,ashrae,2362,336,2024,1883.2744916530658,0.8972613802190649,s_mamba_ashrae_pl336_s2024
S-Mamba,,ashrae,2362,192,2024,1860.4773973052938,0.8601942158651859,s_mamba_ashrae_pl192_s2024
S-Mamba,,ashrae,2362,96,2024,1153.8113429439863,0.7120190565184208,s_mamba_ashrae_pl96_s2024
S-Mamba,,bdg2,2817,720,2024,2599392.2580321855,15.894924902400337,s_mamba_bdg2_pl720_s2024
S-Mamba,,bdg2,2817,336,2024,3732838.1165762404,13.812352517873762,s_mamba_bdg2_pl336_s2024
S-Mamba,,bdg2,2817,192,2024,5760763.323848376,13.767653317614025,s_mamba_bdg2_pl192_s2024
S-Mamba,,bdg2,2817,96,2024,10508408.562939636,13.360637101211902,s_mamba_bdg2_pl96_s2024
S-Mamba,,kamp,228,720,2024,0.8884211557057148,0.504027264911788,s_mamba_kamp_pl720_s2024
S-Mamba,,kamp,228,336,2024,0.6270446637431232,0.38327471787047873,s_mamba_kamp_pl336_s2024
S-Mamba,,kamp,228,192,2024,0.3653005930623273,0.2701683246226072,s_mamba_kamp_pl192_s2024
S-Mamba,,kamp,228,96,2024,0.29690392931637183,0.2111598439552151,s_mamba_kamp_pl96_s2024
S-Mamba,,care_wind,238,720,2024,2.3622518041272853,0.6673220288063936,s_mamba_care_wind_pl720_s2024
S-Mamba,,care_wind,238,336,2024,2.016891451579715,0.5842882086760081,s_mamba_care_wind_pl336_s2024
S-Mamba,,care_wind,238,192,2024,1.7830615637426381,0.524871263113011,s_mamba_care_wind_pl192_s2024
S-Mamba,,care_wind,238,96,2024,1.449077253620924,0.44613148334923997,s_mamba_care_wind_pl96_s2024
S-Mamba,,basf,244,720,2024,0.2818029494521067,0.12923581416862626,s_mamba_basf_pl720_s2024
S-Mamba,,basf,244,336,2024,0.19716234090127494,0.1077768424213133,s_mamba_basf_pl336_s2024
S-Mamba,,basf,244,192,2024,0.15937613553704452,0.09524994347241758,s_mamba_basf_pl192_s2024
S-Mamba,,basf,244,96,2024,0.12896577324054698,0.08233575472080513,s_mamba_basf_pl96_s2024
S-Mamba,,sdwpf,2144,720,2025,1.9452710841423302,0.7138574005530253,s_mamba_sdwpf_pl720_s2025
S-Mamba,,sdwpf,2144,336,2025,1.633633318852642,0.6476866033443455,s_mamba_sdwpf_pl336_s2025
S-Mamba,,sdwpf,2144,96,2025,1.218652429367745,0.5344117944486023,s_mamba_sdwpf_pl96_s2025
S-Mamba,,ashrae,2362,720,2025,1361.3630779195905,0.9847758446125404,s_mamba_ashrae_pl720_s2025
S-Mamba,,ashrae,2362,336,2025,1895.8629615419243,0.9301044026739794,s_mamba_ashrae_pl336_s2025
S-Mamba,,ashrae,2362,192,2025,1845.5177887804014,0.8597547710619684,s_mamba_ashrae_pl192_s2025
S-Mamba,,ashrae,2362,96,2025,1078.2890878249118,0.698061831719166,s_mamba_ashrae_pl96_s2025
S-Mamba,,bdg2,2817,720,2025,2582965.086239059,15.787293339346386,s_mamba_bdg2_pl720_s2025
S-Mamba,,bdg2,2817,336,2025,3770585.8207951565,14.125343336740352,s_mamba_bdg2_pl336_s2025
S-Mamba,,bdg2,2817,192,2025,5834550.391369682,14.325397839545117,s_mamba_bdg2_pl192_s2025
S-Mamba,,bdg2,2817,96,2025,10507076.29852087,13.379054201847977,s_mamba_bdg2_pl96_s2025
S-Mamba,,kamp,228,720,2025,0.8924358221186158,0.5146826731072941,s_mamba_kamp_pl720_s2025
S-Mamba,,kamp,228,336,2025,0.5530795054312849,0.34688812440138417,s_mamba_kamp_pl336_s2025
S-Mamba,,kamp,228,192,2025,0.38176727883413675,0.2849102553944819,s_mamba_kamp_pl192_s2025
S-Mamba,,kamp,228,96,2025,0.4454176644939142,0.23086504175036607,s_mamba_kamp_pl96_s2025
S-Mamba,,care_wind,238,720,2025,2.376359228841957,0.672600500539679,s_mamba_care_wind_pl720_s2025
S-Mamba,,care_wind,238,336,2025,2.0511663521996253,0.5977930502862187,s_mamba_care_wind_pl336_s2025
S-Mamba,,care_wind,238,192,2025,1.7532986523307121,0.5222475778192934,s_mamba_care_wind_pl192_s2025
S-Mamba,,care_wind,238,96,2025,1.5221390379265365,0.46922990998287584,s_mamba_care_wind_pl96_s2025
S-Mamba,,basf,244,720,2025,0.2866817822539724,0.129654910043155,s_mamba_basf_pl720_s2025
S-Mamba,,basf,244,336,2025,0.1984335436601105,0.1079505268612336,s_mamba_basf_pl336_s2025
S-Mamba,,basf,244,192,2025,0.15982713188309378,0.0955487835807958,s_mamba_basf_pl192_s2025
S-Mamba,,basf,244,96,2025,0.12696558094171068,0.082155713514773,s_mamba_basf_pl96_s2025
S-Mamba,,basf,244,720,2023,0.2812078582143367,0.13014092088705823,s_mamba_basf_pl720_s2023
S-Mamba,,sdwpf,2144,192,2022,1.4221558810723232,0.5948623496151892,s_mamba_sdwpf_pl192_s2022
S-Mamba,,sdwpf,2144,192,2023,1.4509914988479005,0.592569185394516,s_mamba_sdwpf_pl192_s2023
S-Mamba,,sdwpf,2144,192,2024,1.4157055686820512,0.5975587592456886,s_mamba_sdwpf_pl192_s2024
S-Mamba,,sdwpf,2144,192,2025,1.4201257947752137,0.5909926386020158,s_mamba_sdwpf_pl192_s2025
TimeMixer,,kamp,228,96,2021,0.2822907269001007,0.21144048869609833,timemixer_kamp_pl96_s2021
TimeMixer,,sdwpf,2144,720,2021,1.7871329082113254,0.6994946044999099,timemixer_sdwpf_pl720_s2021
TimeMixer,,sdwpf,2144,336,2021,1.6416004486853988,0.6472137422652423,timemixer_sdwpf_pl336_s2021
TimeMixer,,sdwpf,2144,192,2021,1.4272067323647846,0.5879506633950913,timemixer_sdwpf_pl192_s2021
TimeMixer,,sdwpf,2144,96,2021,1.1710703841413346,0.5256902557127613,timemixer_sdwpf_pl96_s2021
TimeMixer,,ashrae,2362,720,2021,1325.6464596274197,1.0060267119683535,timemixer_ashrae_pl720_s2021
TimeMixer,,ashrae,2362,336,2021,1822.4616126855647,0.9223484597708494,timemixer_ashrae_pl336_s2021
TimeMixer,,ashrae,2362,192,2021,1990.297572983836,0.8983723779879589,timemixer_ashrae_pl192_s2021
TimeMixer,,ashrae,2362,96,2021,1146.4722197029234,0.7522293111188917,timemixer_ashrae_pl96_s2021
TimeMixer,,bdg2,2817,720,2021,1900689.5880303448,15.308727362316505,timemixer_bdg2_pl720_s2021
TimeMixer,,bdg2,2817,336,2021,2569105.432449143,13.730746307484637,timemixer_bdg2_pl336_s2021
TimeMixer,,bdg2,2817,192,2021,3839307.9656696715,13.623258884259867,timemixer_bdg2_pl192_s2021
TimeMixer,,bdg2,2817,96,2021,6790004.827779917,13.04518719448986,timemixer_bdg2_pl96_s2021
TimeMixer,,kamp,228,720,2021,0.880071597100337,0.5551635137057702,timemixer_kamp_pl720_s2021
TimeMixer,,kamp,228,192,2021,0.36645640650266564,0.2711317826058505,timemixer_kamp_pl192_s2021
TimeMixer,,care_wind,238,720,2021,2.297055328779304,0.647090226088285,timemixer_care_wind_pl720_s2021
TimeMixer,,care_wind,238,336,2021,1.9043146510426858,0.5655133319563821,timemixer_care_wind_pl336_s2021
TimeMixer,,care_wind,238,192,2021,1.689972075975288,0.5070425429946896,timemixer_care_wind_pl192_s2021
TimeMixer,,care_wind,238,96,2021,1.4022071012344206,0.4251187611859436,timemixer_care_wind_pl96_s2021
TimeMixer,,basf,244,720,2021,0.2809542129662841,0.12752756982041005,timemixer_basf_pl720_s2021
TimeMixer,,basf,244,336,2021,0.19809770813748365,0.10605763839079409,timemixer_basf_pl336_s2021
TimeMixer,,basf,244,192,2021,0.16087904599685837,0.09439686571872323,timemixer_basf_pl192_s2021
TimeMixer,,kamp,228,336,2021,0.5134315355747017,0.34675885900332215,timemixer_kamp_pl336_s2021
TimeMixer,,basf,244,96,2021,0.12867925591017718,0.08031313186787181,timemixer_basf_pl96_s2021
TimeMixer,,sdwpf,2144,192,2022,1.445482059717419,0.590112803557265,timemixer_sdwpf_pl192_s2022
TimeMixer,,sdwpf,2144,96,2022,1.1425066234557628,0.5290301310954917,timemixer_sdwpf_pl96_s2022
TimeMixer,,ashrae,2362,720,2022,1312.7659056216685,0.9895690415181589,timemixer_ashrae_pl720_s2022
TimeMixer,,ashrae,2362,336,2022,1861.9894439968134,0.9460382974305273,timemixer_ashrae_pl336_s2022
TimeMixer,,ashrae,2362,192,2022,1960.235547397993,0.906283687649887,timemixer_ashrae_pl192_s2022
TimeMixer,,ashrae,2362,96,2022,1162.6028986764234,0.7680802076332026,timemixer_ashrae_pl96_s2022
TimeMixer,,bdg2,2817,720,2022,1924634.1083182702,15.369813885975995,timemixer_bdg2_pl720_s2022
TimeMixer,,bdg2,2817,336,2022,2577661.0309774894,13.885778330135414,timemixer_bdg2_pl336_s2022
TimeMixer,,bdg2,2817,192,2022,3844765.2962248414,13.62095006216034,timemixer_bdg2_pl192_s2022
TimeMixer,,bdg2,2817,96,2022,6792578.370805911,13.034819087321527,timemixer_bdg2_pl96_s2022
TimeMixer,,kamp,228,720,2022,0.8348328463535999,0.48901839088975335,timemixer_kamp_pl720_s2022
TimeMixer,,kamp,228,336,2022,0.5017715005162067,0.33878213793570466,timemixer_kamp_pl336_s2022
TimeMixer,,kamp,228,192,2022,0.37386843509331397,0.27195054912113736,timemixer_kamp_pl192_s2022
TimeMixer,,kamp,228,96,2022,0.2691272525506985,0.19944882610201456,timemixer_kamp_pl96_s2022
TimeMixer,,care_wind,238,720,2022,2.1188209684019346,0.6470680478326651,timemixer_care_wind_pl720_s2022
TimeMixer,,care_wind,238,336,2022,1.9246343372380257,0.5740254552862583,timemixer_care_wind_pl336_s2022
TimeMixer,,care_wind,238,192,2022,1.6821350281859693,0.5078387137545364,timemixer_care_wind_pl192_s2022
TimeMixer,,care_wind,238,96,2022,1.4268546346682944,0.428600185377893,timemixer_care_wind_pl96_s2022
TimeMixer,,basf,244,720,2022,0.28181476904361946,0.12787288966110436,timemixer_basf_pl720_s2022
TimeMixer,,basf,244,336,2022,0.19945499815802542,0.10601720402610298,timemixer_basf_pl336_s2022
TimeMixer,,basf,244,192,2022,0.16038957732107623,0.09418907967560734,timemixer_basf_pl192_s2022
TimeMixer,,basf,244,96,2022,0.12658670162122596,0.08006105340970604,timemixer_basf_pl96_s2022
TimeMixer,,sdwpf,2144,192,2023,1.4287634171335397,0.5993300182225804,timemixer_sdwpf_pl192_s2023
TimeMixer,,ashrae,2362,720,2023,1317.9199643946174,0.9922560987755819,timemixer_ashrae_pl720_s2023
TimeMixer,,ashrae,2362,336,2023,1844.035821096379,0.9236151565988574,timemixer_ashrae_pl336_s2023
TimeMixer,,ashrae,2362,192,2023,1934.300945243691,0.8879348829422589,timemixer_ashrae_pl192_s2023
TimeMixer,,sdwpf,2144,96,2023,1.1407396409070356,0.5197924920039877,timemixer_sdwpf_pl96_s2023
TimeMixer,,ashrae,2362,96,2023,1130.3253044506007,0.7556954619575337,timemixer_ashrae_pl96_s2023
TimeMixer,,bdg2,2817,720,2023,1875804.5486162058,15.21716884671768,timemixer_bdg2_pl720_s2023
TimeMixer,,bdg2,2817,336,2023,2573783.381230873,13.782127815606195,timemixer_bdg2_pl336_s2023
TimeMixer,,bdg2,2817,96,2023,6779314.52080955,12.984869542695346,timemixer_bdg2_pl96_s2023
TimeMixer,,kamp,228,720,2023,0.8376715075600475,0.49104993826387144,timemixer_kamp_pl720_s2023
TimeMixer,,kamp,228,336,2023,0.5019882065071551,0.3363492207591811,timemixer_kamp_pl336_s2023
TimeMixer,,kamp,228,192,2023,0.3725007953079824,0.2689942240057809,timemixer_kamp_pl192_s2023
TimeMixer,,kamp,228,96,2023,0.26231593449666746,0.19654498223390224,timemixer_kamp_pl96_s2023
TimeMixer,,care_wind,238,720,2023,2.1405825289966427,0.6494862245117848,timemixer_care_wind_pl720_s2023
TimeMixer,,care_wind,238,336,2023,1.89794060344714,0.5709082362813178,timemixer_care_wind_pl336_s2023
TimeMixer,,care_wind,238,192,2023,1.6867887275789493,0.5068574774711633,timemixer_care_wind_pl192_s2023
TimeMixer,,care_wind,238,96,2023,1.4300052097316605,0.42796900006971933,timemixer_care_wind_pl96_s2023
TimeMixer,,basf,244,720,2023,0.28193169370051013,0.127597304595422,timemixer_basf_pl720_s2023
TimeMixer,,basf,244,336,2023,0.1982377352305548,0.10622867831764012,timemixer_basf_pl336_s2023
TimeMixer,,basf,244,192,2023,0.16029488462539362,0.09393264011748292,timemixer_basf_pl192_s2023
TimeMixer,,basf,244,96,2023,0.1272851356519465,0.08015568659095125,timemixer_basf_pl96_s2023
TimeMixer,,sdwpf,2144,192,2024,1.4410713309944112,0.5887153812828286,timemixer_sdwpf_pl192_s2024
TimeMixer,,ashrae,2362,720,2024,1316.8223375276502,1.0061479117802254,timemixer_ashrae_pl720_s2024
TimeMixer,,ashrae,2362,336,2024,1835.408341015956,0.926389650646334,timemixer_ashrae_pl336_s2024
TimeMixer,,sdwpf,2144,96,2024,1.1571169910504273,0.5196415521839651,timemixer_sdwpf_pl96_s2024
TimeMixer,,ashrae,2362,192,2024,1967.677440042934,0.9157346527588369,timemixer_ashrae_pl192_s2024
TimeMixer,,ashrae,2362,96,2024,1154.1052477973765,0.7607897194577579,timemixer_ashrae_pl96_s2024
TimeMixer,,bdg2,2817,720,2024,1925923.9550537672,15.334552143843867,timemixer_bdg2_pl720_s2024
TimeMixer,,bdg2,2817,336,2024,2596025.887383735,13.857614859941693,timemixer_bdg2_pl336_s2024
TimeMixer,,bdg2,2817,192,2024,3839841.6798583707,13.590060518821165,timemixer_bdg2_pl192_s2024
TimeMixer,,kamp,228,720,2024,0.8424716513720275,0.4974489487727948,timemixer_kamp_pl720_s2024
TimeMixer,,bdg2,2817,96,2024,6788814.490268396,12.96416059899709,timemixer_bdg2_pl96_s2024
TimeMixer,,kamp,228,336,2024,0.5143959854325667,0.3462105801843047,timemixer_kamp_pl336_s2024
TimeMixer,,kamp,228,192,2024,0.39911127909887145,0.277049030772636,timemixer_kamp_pl192_s2024
TimeMixer,,kamp,228,96,2024,0.2572428963090552,0.19692503721402949,timemixer_kamp_pl96_s2024
TimeMixer,,care_wind,238,720,2024,2.110060264435715,0.6492568080306951,timemixer_care_wind_pl720_s2024
TimeMixer,,care_wind,238,336,2024,1.8883158445080443,0.5642352890996442,timemixer_care_wind_pl336_s2024
TimeMixer,,care_wind,238,192,2024,1.6877261093190081,0.505517987528428,timemixer_care_wind_pl192_s2024
TimeMixer,,care_wind,238,96,2024,1.4024062684178695,0.4295429868153968,timemixer_care_wind_pl96_s2024
TimeMixer,,basf,244,720,2024,0.28172338048640044,0.12759511801535048,timemixer_basf_pl720_s2024
TimeMixer,,basf,244,336,2024,0.19840567650352411,0.10612937226246857,timemixer_basf_pl336_s2024
TimeMixer,,basf,244,192,2024,0.1618371376298374,0.09468202919726017,timemixer_basf_pl192_s2024
TimeMixer,,basf,244,96,2024,0.12753903594890606,0.08044002545681456,timemixer_basf_pl96_s2024
TimeMixer,,sdwpf,2144,192,2025,1.4277827892467208,0.5990582567778729,timemixer_sdwpf_pl192_s2025
TimeMixer,,ashrae,2362,720,2025,1308.0774698590444,0.9843192406679911,timemixer_ashrae_pl720_s2025
TimeMixer,,ashrae,2362,336,2025,1826.9441353455995,0.9106590715360513,timemixer_ashrae_pl336_s2025
TimeMixer,,ashrae,2362,192,2025,1900.5862916766177,0.8752306610065238,timemixer_ashrae_pl192_s2025
TimeMixer,,ashrae,2362,96,2025,1171.2736273115872,0.7642910805595268,timemixer_ashrae_pl96_s2025
TimeMixer,,sdwpf,2144,96,2025,1.1372790134741777,0.520611603256488,timemixer_sdwpf_pl96_s2025
TimeMixer,,bdg2,2817,720,2025,1945480.9221363997,15.876568004885954,timemixer_bdg2_pl720_s2025
TimeMixer,,bdg2,2817,336,2025,2609402.0275456016,14.122517083937145,timemixer_bdg2_pl336_s2025
TimeMixer,,bdg2,2817,192,2025,3868253.141063831,14.009160900016585,timemixer_bdg2_pl192_s2025
TimeMixer,,bdg2,2817,96,2025,6810788.438997968,13.262373171539691,timemixer_bdg2_pl96_s2025
TimeMixer,,kamp,228,720,2025,0.8624077480036071,0.5592302501100933,timemixer_kamp_pl720_s2025
TimeMixer,,kamp,228,336,2025,0.502365143266041,0.33824568459687876,timemixer_kamp_pl336_s2025
TimeMixer,,kamp,228,192,2025,0.3784715548509583,0.27408474088185225,timemixer_kamp_pl192_s2025
TimeMixer,,kamp,228,96,2025,0.2683933378373078,0.20019971228094555,timemixer_kamp_pl96_s2025
TimeMixer,,care_wind,238,720,2025,2.146485975709569,0.6421401072852688,timemixer_care_wind_pl720_s2025
TimeMixer,,care_wind,238,336,2025,1.9434311811520248,0.5639599438742984,timemixer_care_wind_pl336_s2025
TimeMixer,,care_wind,238,192,2025,1.6739638012990157,0.5068721519633566,timemixer_care_wind_pl192_s2025
TimeMixer,,care_wind,238,96,2025,1.4057552866172565,0.43143193726619933,timemixer_care_wind_pl96_s2025
TimeMixer,,basf,244,720,2025,0.2823068568418473,0.127834343921463,timemixer_basf_pl720_s2025
TimeMixer,,basf,244,336,2025,0.19812668231055347,0.10612143461853908,timemixer_basf_pl336_s2025
TimeMixer,,basf,244,192,2025,0.160560209464205,0.09389414977488748,timemixer_basf_pl192_s2025
TimeMixer,,basf,244,96,2025,0.12789043792538332,0.08215778845542968,timemixer_basf_pl96_s2025
TimeMixer,,bdg2,2817,192,2023,3845354.682039172,13.648485345146637,timemixer_bdg2_pl192_s2023
TimeMixer,,sdwpf,2144,720,2022,1.8396695704851622,0.7037594027725034,timemixer_sdwpf_pl720_s2022
TimeMixer,,sdwpf,2144,336,2022,1.6403121473901363,0.6462301730027641,timemixer_sdwpf_pl336_s2022
TimeMixer,,sdwpf,2144,720,2023,1.7913821383478379,0.6973062336698816,timemixer_sdwpf_pl720_s2023
TimeMixer,,sdwpf,2144,336,2023,1.6241522779815338,0.6421562865326343,timemixer_sdwpf_pl336_s2023
TimeMixer,,sdwpf,2144,720,2024,1.8301772595187336,0.6970301506910295,timemixer_sdwpf_pl720_s2024
TimeMixer,,sdwpf,2144,336,2024,1.641518951099315,0.6469760036462338,timemixer_sdwpf_pl336_s2024
TimeMixer,,sdwpf,2144,720,2025,1.8319334767368545,0.7064126562941234,timemixer_sdwpf_pl720_s2025
TimeMixer,,sdwpf,2144,336,2025,1.651478661943342,0.6456003128090819,timemixer_sdwpf_pl336_s2025
SOFTS,,sdwpf,2144,720,2021,1.9948458116268022,0.741007374475002,softs_sdwpf_pl720_s2021
SOFTS,,sdwpf,2144,336,2021,1.800965412280402,0.67756152338047,softs_sdwpf_pl336_s2021
SOFTS,,ashrae,2362,720,2021,1338.8490776569656,0.9273809253192339,softs_ashrae_pl720_s2021
SOFTS,,sdwpf,2144,96,2021,1.2045413858560237,0.533455345005967,softs_sdwpf_pl96_s2021
SOFTS,,ashrae,2362,336,2021,1872.9840973780913,0.8748059922083425,softs_ashrae_pl336_s2021
SOFTS,,ashrae,2362,192,2021,1886.674059707593,0.8287003696916964,softs_ashrae_pl192_s2021
SOFTS,,ashrae,2362,96,2021,1079.8314040779421,0.6890095976158339,softs_ashrae_pl96_s2021
SOFTS,,bdg2,2817,720,2021,2564196.275053783,15.66652850961121,softs_bdg2_pl720_s2021
SOFTS,,bdg2,2817,336,2021,3744743.25835418,13.961040403051705,softs_bdg2_pl336_s2021
SOFTS,,bdg2,2817,192,2021,5768211.427588936,13.785661660586275,softs_bdg2_pl192_s2021
SOFTS,,bdg2,2817,96,2021,10536695.01299718,13.697897364238893,softs_bdg2_pl96_s2021
SOFTS,,kamp,228,720,2021,0.8290244190631166,0.4871804169602149,softs_kamp_pl720_s2021
SOFTS,,kamp,228,192,2021,0.35977258104604515,0.25401381387873223,softs_kamp_pl192_s2021
SOFTS,,kamp,228,336,2021,0.4813661910699548,0.38695943563759677,softs_kamp_pl336_s2021
SOFTS,,kamp,228,96,2021,0.2262337324119211,0.1928689045064401,softs_kamp_pl96_s2021
SOFTS,,care_wind,238,720,2021,2.327207783168634,0.6756670340958786,softs_care_wind_pl720_s2021
SOFTS,,care_wind,238,336,2021,2.024393871241891,0.5906113935128839,softs_care_wind_pl336_s2021
SOFTS,,care_wind,238,96,2021,1.4673830975932776,0.44339852716164213,softs_care_wind_pl96_s2021
SOFTS,,care_wind,238,192,2021,1.7642509519455307,0.5218795647490888,softs_care_wind_pl192_s2021
SOFTS,,basf,244,720,2021,0.28774413484145805,0.12956127021287522,softs_basf_pl720_s2021
SOFTS,,basf,244,336,2021,0.20313368160235423,0.1082170949172771,softs_basf_pl336_s2021
SOFTS,,basf,244,192,2021,0.16418732953309587,0.09613683505032021,softs_basf_pl192_s2021
SOFTS,,basf,244,96,2021,0.1319024225048825,0.08393804186429378,softs_basf_pl96_s2021
SOFTS,,sdwpf,2144,192,2021,1.5626605916894962,0.6294384641357528,softs_sdwpf_pl192_s2021
SOFTS,,sdwpf,2144,720,2022,2.0309321105531586,0.7438458254337604,softs_sdwpf_pl720_s2022
SOFTS,,sdwpf,2144,336,2022,1.7990834323052622,0.6848606555388158,softs_sdwpf_pl336_s2022
SOFTS,,sdwpf,2144,192,2022,1.5415425240054956,0.6220928801424276,softs_sdwpf_pl192_s2022
SOFTS,,sdwpf,2144,96,2022,1.2271170982713873,0.5414673044805693,softs_sdwpf_pl96_s2022
SOFTS,,ashrae,2362,720,2022,1338.3423084637927,0.9302614558283365,softs_ashrae_pl720_s2022
SOFTS,,ashrae,2362,336,2022,1873.7600186352659,0.8752522168236665,softs_ashrae_pl336_s2022
SOFTS,,ashrae,2362,192,2022,1889.2691470063914,0.8338983942525455,softs_ashrae_pl192_s2022
SOFTS,,ashrae,2362,96,2022,1090.2254899120849,0.6975556858902161,softs_ashrae_pl96_s2022
SOFTS,,bdg2,2817,720,2022,2541803.574757978,15.4069335174287,softs_bdg2_pl720_s2022
SOFTS,,bdg2,2817,336,2022,3744235.9901783606,13.936870835235432,softs_bdg2_pl336_s2022
SOFTS,,bdg2,2817,192,2022,5768641.77959423,13.792690899848651,softs_bdg2_pl192_s2022
SOFTS,,bdg2,2817,96,2022,10521733.43638638,13.500824768732553,softs_bdg2_pl96_s2022
SOFTS,,kamp,228,720,2022,0.8326690848580691,0.5044969974394622,softs_kamp_pl720_s2022
SOFTS,,kamp,228,336,2022,0.44241107281427117,0.3650606892404323,softs_kamp_pl336_s2022
SOFTS,,kamp,228,192,2022,0.3593355521961729,0.2522147217414946,softs_kamp_pl192_s2022
SOFTS,,kamp,228,96,2022,0.2574754378235554,0.21967314379278083,softs_kamp_pl96_s2022
SOFTS,,care_wind,238,720,2022,2.3365872035413675,0.6732699215432616,softs_care_wind_pl720_s2022
SOFTS,,care_wind,238,336,2022,2.0079348058283193,0.5883887368518427,softs_care_wind_pl336_s2022
SOFTS,,care_wind,238,192,2022,1.820928194651322,0.5381351508624146,softs_care_wind_pl192_s2022
SOFTS,,care_wind,238,96,2022,1.4689841018702035,0.4463423332292019,softs_care_wind_pl96_s2022
SOFTS,,basf,244,720,2022,0.2877140982792334,0.12993230925560806,softs_basf_pl720_s2022
SOFTS,,basf,244,336,2022,0.2023283954265948,0.10803043810101084,softs_basf_pl336_s2022
SOFTS,,basf,244,192,2022,0.16548590580334804,0.09581367904332277,softs_basf_pl192_s2022
SOFTS,,basf,244,96,2022,0.1316702521560257,0.08294773999619505,softs_basf_pl96_s2022
SOFTS,,sdwpf,2144,720,2023,2.0166328918876606,0.745231722328871,softs_sdwpf_pl720_s2023
SOFTS,,sdwpf,2144,336,2023,1.7936073570328346,0.6862285912445687,softs_sdwpf_pl336_s2023
SOFTS,,sdwpf,2144,192,2023,1.5496264061679792,0.6297931880964011,softs_sdwpf_pl192_s2023
SOFTS,,sdwpf,2144,96,2023,1.2013096682910265,0.5389522614215789,softs_sdwpf_pl96_s2023
SOFTS,,ashrae,2362,720,2023,1337.9715846916058,0.9287188545142443,softs_ashrae_pl720_s2023
SOFTS,,ashrae,2362,336,2023,1877.841065118885,0.8842404657145103,softs_ashrae_pl336_s2023
SOFTS,,ashrae,2362,192,2023,1875.7892214644069,0.8311873928045693,softs_ashrae_pl192_s2023
SOFTS,,ashrae,2362,96,2023,1100.7907931496047,0.697334010869462,softs_ashrae_pl96_s2023
SOFTS,,bdg2,2817,720,2023,2553819.7672552885,15.540178483598503,softs_bdg2_pl720_s2023
SOFTS,,bdg2,2817,336,2023,3737210.3340268475,13.903932150027146,softs_bdg2_pl336_s2023
SOFTS,,bdg2,2817,192,2023,5758990.240169016,13.737825657036925,softs_bdg2_pl192_s2023
SOFTS,,bdg2,2817,96,2023,10512260.20226432,13.484575329726649,softs_bdg2_pl96_s2023
SOFTS,,kamp,228,720,2023,0.7800921336279136,0.4805069242440562,softs_kamp_pl720_s2023
SOFTS,,kamp,228,336,2023,0.4320744145238953,0.3560701586365477,softs_kamp_pl336_s2023
SOFTS,,kamp,228,192,2023,0.35570795417426404,0.26516745078927456,softs_kamp_pl192_s2023
SOFTS,,kamp,228,96,2023,0.22405186179085815,0.18436960440316238,softs_kamp_pl96_s2023
SOFTS,,care_wind,238,720,2023,2.351730477177891,0.6792397201914401,softs_care_wind_pl720_s2023
SOFTS,,care_wind,238,336,2023,2.0046318927014672,0.5804151256081566,softs_care_wind_pl336_s2023
SOFTS,,care_wind,238,192,2023,1.7413833009773192,0.5312786800932671,softs_care_wind_pl192_s2023
SOFTS,,care_wind,238,96,2023,1.4835991505005937,0.4366912558902542,softs_care_wind_pl96_s2023
SOFTS,,basf,244,720,2023,0.2864718888515819,0.12952267566145165,softs_basf_pl720_s2023
SOFTS,,basf,244,336,2023,0.20287032670561495,0.1086498865759398,softs_basf_pl336_s2023
SOFTS,,basf,244,192,2023,0.1648313030997547,0.09579264977048646,softs_basf_pl192_s2023
SOFTS,,basf,244,96,2023,0.13138500230106936,0.08257766623060613,softs_basf_pl96_s2023
SOFTS,,sdwpf,2144,720,2024,2.007240728536752,0.7385198546536583,softs_sdwpf_pl720_s2024
SOFTS,,sdwpf,2144,336,2024,1.776481247983847,0.6713586789708809,softs_sdwpf_pl336_s2024
SOFTS,,sdwpf,2144,192,2024,1.5560895022203483,0.6273448445568588,softs_sdwpf_pl192_s2024
SOFTS,,sdwpf,2144,96,2024,1.2044963777355135,0.5358690747465616,softs_sdwpf_pl96_s2024
SOFTS,,ashrae,2362,720,2024,1337.594980326315,0.9332408224490247,softs_ashrae_pl720_s2024
SOFTS,,ashrae,2362,336,2024,1871.788030958612,0.8735215687399427,softs_ashrae_pl336_s2024
SOFTS,,ashrae,2362,192,2024,1911.2991229950048,0.8381690470174479,softs_ashrae_pl192_s2024
SOFTS,,ashrae,2362,96,2024,1087.06151775909,0.6857550396106818,softs_ashrae_pl96_s2024
SOFTS,,bdg2,2817,720,2024,2592581.2984100482,15.813046076170387,softs_bdg2_pl720_s2024
SOFTS,,bdg2,2817,192,2024,5762354.205131708,13.767382950390322,softs_bdg2_pl192_s2024
SOFTS,,bdg2,2817,96,2024,10522454.451911807,13.5523525448164,softs_bdg2_pl96_s2024
SOFTS,,kamp,228,720,2024,0.8007995042999034,0.5947842531960967,softs_kamp_pl720_s2024
SOFTS,,kamp,228,336,2024,0.5236593761893986,0.3990296419866252,softs_kamp_pl336_s2024
SOFTS,,kamp,228,192,2024,0.30788787129439904,0.2911099576973282,softs_kamp_pl192_s2024
SOFTS,,kamp,228,96,2024,0.2444226863683313,0.1903023720873752,softs_kamp_pl96_s2024
SOFTS,,care_wind,238,720,2024,2.336493418632498,0.6769204858951139,softs_care_wind_pl720_s2024
SOFTS,,care_wind,238,336,2024,2.0898107664096353,0.6059498403683505,softs_care_wind_pl336_s2024
SOFTS,,care_wind,238,192,2024,1.835325691975704,0.539590835429695,softs_care_wind_pl192_s2024
SOFTS,,care_wind,238,96,2024,1.4684476823879127,0.4427061183936476,softs_care_wind_pl96_s2024
SOFTS,,basf,244,720,2024,0.28707376417907243,0.13003688011307124,softs_basf_pl720_s2024
SOFTS,,basf,244,336,2024,0.20195688110484084,0.10814807228097825,softs_basf_pl336_s2024
SOFTS,,basf,244,192,2024,0.16405783921274225,0.09658089333177265,softs_basf_pl192_s2024
SOFTS,,basf,244,96,2024,0.13153124607066277,0.08298261685604487,softs_basf_pl96_s2024
SOFTS,,sdwpf,2144,720,2025,2.0271795924506555,0.7368714719926331,softs_sdwpf_pl720_s2025
SOFTS,,sdwpf,2144,336,2025,1.7910740407863517,0.6820835483416999,softs_sdwpf_pl336_s2025
SOFTS,,sdwpf,2144,192,2025,1.536028811293258,0.625126849107607,softs_sdwpf_pl192_s2025
SOFTS,,sdwpf,2144,96,2025,1.2283826061251495,0.5443883937047959,softs_sdwpf_pl96_s2025
SOFTS,,ashrae,2362,720,2025,1344.7507074663242,0.9323194592530151,softs_ashrae_pl720_s2025
SOFTS,,ashrae,2362,336,2025,1870.9228456780409,0.8700151114628233,softs_ashrae_pl336_s2025
SOFTS,,ashrae,2362,192,2025,1915.3036626066262,0.8374632178023219,softs_ashrae_pl192_s2025
SOFTS,,ashrae,2362,96,2025,1219.4996581436424,0.7322000031870292,softs_ashrae_pl96_s2025
SOFTS,,bdg2,2817,720,2025,2555819.6536392975,15.623107499826677,softs_bdg2_pl720_s2025
SOFTS,,bdg2,2817,336,2025,3747777.477131264,13.985951275469338,softs_bdg2_pl336_s2025
SOFTS,,bdg2,2817,192,2025,5767521.993007141,13.813616978895746,softs_bdg2_pl192_s2025
SOFTS,,bdg2,2817,96,2025,10515114.667390767,13.475037586503877,softs_bdg2_pl96_s2025
SOFTS,,kamp,228,720,2025,0.683804994657129,0.5285083001103358,softs_kamp_pl720_s2025
SOFTS,,kamp,228,336,2025,0.48839919128720016,0.3148452327898767,softs_kamp_pl336_s2025
SOFTS,,kamp,228,192,2025,0.36517623505713176,0.2948071531713416,softs_kamp_pl192_s2025
SOFTS,,kamp,228,96,2025,0.2511600061293225,0.19878747074269387,softs_kamp_pl96_s2025
SOFTS,,care_wind,238,720,2025,2.3419646230689115,0.668663870308198,softs_care_wind_pl720_s2025
SOFTS,,care_wind,238,336,2025,2.011974416072528,0.580946928781154,softs_care_wind_pl336_s2025
SOFTS,,care_wind,238,192,2025,1.7558978889328578,0.5290645272643478,softs_care_wind_pl192_s2025
SOFTS,,care_wind,238,96,2025,1.4634209372006868,0.4384254324738129,softs_care_wind_pl96_s2025
SOFTS,,basf,244,720,2025,0.2874916245765817,0.1295542758182925,softs_basf_pl720_s2025
SOFTS,,basf,244,336,2025,0.2035648594596586,0.10848900403671662,softs_basf_pl336_s2025
SOFTS,,basf,244,192,2025,0.16458689939577145,0.09596581738137498,softs_basf_pl192_s2025
SOFTS,,basf,244,96,2025,0.1313612564896241,0.08226982538119126,softs_basf_pl96_s2025
SOFTS,,bdg2,2817,336,2024,3778020.1181699103,14.272954079393253,softs_bdg2_pl336_s2024
