method,pl,seed,mse,epoch1_loss,is_anomalous
anti_clustering,192,2021,0.4144381284713745,0.385505,False
anti_clustering,192,2022,0.4148191511631012,0.3980364,False
anti_clustering,192,2023,0.416941374540329,0.3881891,False
anti_clustering,192,2024,0.4151755273342132,0.4086579,False
anti_clustering,192,2025,0.414520651102066,0.3916063,False
anti_clustering,192,2026,0.4146086871623993,0.3818601,False
anti_clustering,192,2027,0.4152891337871551,0.3975973,False
anti_clustering,192,2028,0.4138343334197998,0.3897282,False
anti_clustering,192,2029,0.4154970943927765,0.3919741,False
anti_clustering,192,2030,0.4156222939491272,0.3815493,False
anti_clustering,192,2031,0.4155726134777069,0.3891364,False
anti_clustering,192,2032,0.4160440564155578,0.3914194,False
anti_clustering,192,2033,0.4153497219085693,0.3882747,False
anti_clustering,192,2034,0.4167389273643493,0.3988987,False
anti_clustering,192,2035,0.4156047105789184,0.3942862,False
anti_clustering,192,2036,0.4150031805038452,0.3927037,False
anti_clustering,192,2037,0.4148398339748382,0.4120824,False
anti_clustering,192,2038,0.415964663028717,0.4005685,False
anti_clustering,192,2039,0.416125476360321,0.4076941,False
anti_clustering,192,2040,0.4152769148349762,0.3910744,False
anti_clustering,192,2041,0.4163577556610107,0.3929631,False
anti_clustering,192,2042,0.4158800542354584,0.4007545,False
anti_clustering,192,2043,0.4166032969951629,0.408246,False
anti_clustering,192,2044,0.4170190691947937,0.3880952,False
anti_clustering,192,2045,0.4142869114875793,0.3875374,False
anti_clustering,192,2046,0.4156903028488159,0.3856008,False
anti_clustering,192,2047,0.4163353741168976,0.4277238,False
anti_clustering,192,2048,0.4145078659057617,0.3900991,False
anti_clustering,192,2049,0.4160654544830322,0.3959642,False
anti_clustering,192,2050,0.4168287515640259,0.4082004,False
anti_clustering,336,2021,0.431869238615036,0.4333022,False
anti_clustering,336,2022,0.4307480752468109,0.4054666,False
anti_clustering,336,2023,0.4312893450260162,0.3912341,False
anti_clustering,336,2024,0.4305700063705444,0.4190278,False
anti_clustering,336,2025,0.4299012124538421,0.4118132,False
anti_clustering,336,2026,0.4311586618423462,0.4103575,False
anti_clustering,336,2027,0.825378954410553,0.6001218,True
anti_clustering,336,2028,0.4295035302639007,0.3943147,False
anti_clustering,336,2029,0.4307533800601959,0.4463109,False
anti_clustering,336,2030,0.430460125207901,0.3957953,False
anti_clustering,336,2031,0.4317677021026611,0.4447686,False
anti_clustering,336,2032,0.430647075176239,0.4068985,False
anti_clustering,336,2033,0.4310852289199829,0.3989459,False
anti_clustering,336,2034,0.4312416613101959,0.4069932,False
anti_clustering,336,2035,0.43141770362854,0.4094315,False
anti_clustering,336,2036,0.4313670396804809,0.4331935,False
anti_clustering,336,2037,0.4302646815776825,0.4258082,False
anti_clustering,336,2038,0.431795597076416,0.409972,False
anti_clustering,336,2039,0.4314184784889221,0.4069564,False
anti_clustering,336,2040,0.4311145544052124,0.4109026,False
anti_clustering,336,2041,0.4310051202774048,0.406509,False
anti_clustering,336,2042,0.4314052760601043,0.4112615,False
anti_clustering,336,2043,0.4316343069076538,0.400227,False
anti_clustering,336,2044,0.4321337044239044,0.404777,False
anti_clustering,336,2045,0.4320971369743347,0.4231403,False
anti_clustering,336,2046,0.432295024394989,0.4285001,False
anti_clustering,336,2047,0.4310196042060852,0.4108295,False
anti_clustering,336,2048,0.4303313791751861,0.4130477,False
anti_clustering,336,2049,0.4321991801261902,0.4241184,False
anti_clustering,336,2050,0.4328409731388092,0.4479582,False
anti_clustering,720,2021,0.4630471169948578,0.4392773,False
anti_clustering,720,2022,0.4628864824771881,0.4477548,False
anti_clustering,720,2023,0.4656749367713928,0.4768521,False
anti_clustering,720,2024,0.4632190763950348,0.4594549,False
anti_clustering,720,2025,0.4629475474357605,0.4683764,False
anti_clustering,720,2026,0.4641018211841583,0.4766306,False
anti_clustering,720,2027,0.4644384980201721,0.4785714,False
anti_clustering,720,2028,0.4631437659263611,0.4497948,False
anti_clustering,720,2029,0.4655764698982239,0.527636,False
anti_clustering,720,2030,0.4633594453334808,0.462896,False
anti_clustering,720,2031,0.9896128177642822,0.6201852,True
anti_clustering,720,2032,0.4636576175689697,0.4843096,False
anti_clustering,720,2033,0.4641637206077575,0.4506477,False
anti_clustering,720,2034,0.4645553529262543,0.4620675,False
anti_clustering,720,2035,0.4679857790470123,0.5478759,False
anti_clustering,720,2036,0.4681926667690277,0.5599738,False
anti_clustering,720,2037,1.026081681251526,0.6276458,True
anti_clustering,720,2038,0.4682202339172363,0.5374564,False
anti_clustering,720,2039,0.4649804532527923,0.4813814,False
anti_clustering,720,2040,0.4648710489273071,0.4902481,False
anti_clustering,720,2041,0.4640972018241882,0.4455473,False
anti_clustering,720,2042,0.4654109179973602,0.4861625,False
anti_clustering,720,2043,0.4643494784832001,0.4706025,False
anti_clustering,720,2044,0.4638585448265075,0.4453985,False
anti_clustering,720,2045,0.4635590314865112,0.4660578,False
anti_clustering,720,2046,0.4654934108257293,0.476271,False
anti_clustering,720,2047,0.4656919836997986,0.4957244,False
anti_clustering,720,2048,0.4643307626247406,0.4379612,False
anti_clustering,720,2049,0.4659139811992645,0.526068,False
anti_clustering,720,2050,0.4664439260959625,0.5127308,False
anti_clustering,96,2021,0.3975094258785248,0.5011896,False
anti_clustering,96,2022,0.3935922086238861,0.4345722,False
anti_clustering,96,2023,0.3937104344367981,0.4120666,False
anti_clustering,96,2024,0.3948118388652801,0.4638777,False
anti_clustering,96,2025,0.395954966545105,0.4587531,False
anti_clustering,96,2026,0.3932206928730011,0.4314863,False
anti_clustering,96,2027,0.3945082724094391,0.4609602,False
anti_clustering,96,2028,0.3940987288951874,0.447335,False
anti_clustering,96,2029,0.3947249054908752,0.4330121,False
anti_clustering,96,2030,0.3946202397346496,0.4574897,False
anti_clustering,96,2031,0.3958828151226043,0.473211,False
anti_clustering,96,2032,0.395129919052124,0.4386247,False
anti_clustering,96,2033,0.3976618647575378,0.4890122,False
anti_clustering,96,2034,0.8802632689476013,0.6227166,True
anti_clustering,96,2035,0.394551545381546,0.4262065,False
anti_clustering,96,2036,0.39554163813591,0.442542,False
anti_clustering,96,2037,0.3989858031272888,0.5543744,False
anti_clustering,96,2038,0.3955850005149841,0.4858159,False
anti_clustering,96,2039,0.3956007659435272,0.4747175,False
anti_clustering,96,2040,0.3955011069774627,0.4319744,False
anti_clustering,96,2041,0.3951151967048645,0.4118685,False
anti_clustering,96,2042,0.3946796953678131,0.4405284,False
anti_clustering,96,2043,0.3950722217559814,0.4607754,False
anti_clustering,96,2044,0.3950108587741852,0.4431223,False
anti_clustering,96,2045,0.3958154320716858,0.4754677,False
anti_clustering,96,2046,0.3970296382904053,0.4521139,False
anti_clustering,96,2047,0.3961624503135681,0.4374847,False
anti_clustering,96,2048,0.3937889635562897,0.4185817,False
anti_clustering,96,2049,0.3990301191806793,0.5213396,False
anti_clustering,96,2050,0.3951383233070373,0.4518883,False
coarsening,192,2021,0.4177952706813812,0.3738871,False
coarsening,192,2022,0.4164813756942749,0.3787799,False
coarsening,192,2023,0.4160933494567871,0.3743857,False
coarsening,192,2024,0.4156340658664703,0.3858903,False
coarsening,192,2025,0.4176540374755859,0.3769391,False
coarsening,192,2026,0.4152901768684387,0.3759679,False
coarsening,192,2027,0.418292760848999,0.3807338,False
coarsening,192,2028,0.4169841110706329,0.3790499,False
coarsening,192,2029,0.4175132513046264,0.3797154,False
coarsening,192,2030,0.4152957499027252,0.3827267,False
coarsening,192,2031,0.4151920080184936,0.3837809,False
coarsening,192,2032,0.4194107055664062,0.3862506,False
coarsening,192,2033,0.4168172776699066,0.379052,False
coarsening,192,2034,0.4168197512626648,0.3768294,False
coarsening,192,2035,0.4182838201522827,0.3772465,False
coarsening,192,2036,0.4190816879272461,0.377598,False
coarsening,192,2037,0.4188255369663238,0.3932184,False
coarsening,192,2038,0.4157202243804931,0.3791358,False
coarsening,192,2039,0.4167290925979614,0.3825133,False
coarsening,192,2040,0.4178246259689331,0.392552,False
coarsening,192,2041,0.4176897704601288,0.3819804,False
coarsening,192,2042,0.4153803884983063,0.3840551,False
coarsening,192,2043,0.4174401760101318,0.3833992,False
coarsening,192,2044,0.414967805147171,0.3824342,False
coarsening,192,2045,0.4138475060462951,0.3954756,False
coarsening,192,2046,0.4192588925361633,0.3777944,False
coarsening,192,2047,0.4151711463928222,0.3834814,False
coarsening,192,2048,0.4160245954990387,0.3793816,False
coarsening,192,2049,0.4166232347488403,0.3801996,False
coarsening,192,2050,0.4189514517784118,0.3849321,False
coarsening,336,2021,0.4330902993679046,0.382179,False
coarsening,336,2022,0.4321629405021667,0.3857569,False
coarsening,336,2023,0.430828183889389,0.3945568,False
coarsening,336,2024,0.4294752180576324,0.3963145,False
coarsening,336,2025,0.4338666200637817,0.3979772,False
coarsening,336,2026,0.4303618371486664,0.3881813,False
coarsening,336,2027,0.4336415231227875,0.4054257,False
coarsening,336,2028,0.4325971603393554,0.3830063,False
coarsening,336,2029,0.4331733286380768,0.3973859,False
coarsening,336,2030,0.4299313724040985,0.3875671,False
coarsening,336,2031,0.4308549761772156,0.3864423,False
coarsening,336,2032,0.4331913292407989,0.3876643,False
coarsening,336,2033,0.4323409795761108,0.3881528,False
coarsening,336,2034,0.4309267401695251,0.3870608,False
coarsening,336,2035,0.4329903721809387,0.3903517,False
coarsening,336,2036,0.4351092576980591,0.4010067,False
coarsening,336,2037,0.4332552850246429,0.3980423,False
coarsening,336,2038,0.4305199980735779,0.3895514,False
coarsening,336,2039,0.4315546751022339,0.392911,False
coarsening,336,2040,0.4326381385326385,0.3910393,False
coarsening,336,2041,0.4334734082221985,0.386915,False
coarsening,336,2042,0.4310096502304077,0.3914535,False
coarsening,336,2043,0.4322810471057892,0.3882352,False
coarsening,336,2044,0.4306856393814087,0.3885316,False
coarsening,336,2045,0.4282713830471039,0.3924274,False
coarsening,336,2046,0.4347468614578247,0.4035907,False
coarsening,336,2047,0.4303328394889831,0.3952058,False
coarsening,336,2048,0.4305708706378937,0.3935121,False
coarsening,336,2049,0.4313017427921295,0.3874868,False
coarsening,336,2050,0.4326715469360351,0.3985806,False
coarsening,720,2021,0.4668629169464111,0.4199771,False
coarsening,720,2022,0.4656721353530884,0.4171553,False
coarsening,720,2023,0.4636945724487304,0.434112,False
coarsening,720,2024,0.4612082839012146,0.4246546,False
coarsening,720,2025,0.466079980134964,0.4250846,False
coarsening,720,2026,0.4637125432491302,0.424028,False
coarsening,720,2027,0.4671312272548675,0.4291445,False
coarsening,720,2028,0.4657526314258575,0.4172039,False
coarsening,720,2029,0.4665508866310119,0.424064,False
coarsening,720,2030,0.4626990556716919,0.4223725,False
coarsening,720,2031,0.4623150825500488,0.4234757,False
coarsening,720,2032,0.4663113951683044,0.4168746,False
coarsening,720,2033,0.4652767479419708,0.420682,False
coarsening,720,2034,0.4638778269290924,0.4208353,False
coarsening,720,2035,0.467189759016037,0.4420106,False
coarsening,720,2036,0.468944638967514,0.4997599,False
coarsening,720,2037,0.4664757549762726,0.4290204,False
coarsening,720,2038,0.4652561545372009,0.4375312,False
coarsening,720,2039,0.4646004438400268,0.4228752,False
coarsening,720,2040,0.4648681879043579,0.4212976,False
coarsening,720,2041,0.4685357809066772,0.4285212,False
coarsening,720,2042,0.4630189538002014,0.4221886,False
coarsening,720,2043,0.4664659798145294,0.4263702,False
coarsening,720,2044,0.4628802537918091,0.4302978,False
coarsening,720,2045,0.4608858227729797,0.4169115,False
coarsening,720,2046,0.4690684080123901,0.4267778,False
coarsening,720,2047,0.4647825360298157,0.4254052,False
coarsening,720,2048,0.4628336429595947,0.4178434,False
coarsening,720,2049,0.4651060998439789,0.4249363,False
coarsening,720,2050,0.4675198495388031,0.4386771,False
coarsening,96,2021,0.3976878821849823,0.4506224,False
coarsening,96,2022,0.3957062363624573,0.4119961,False
coarsening,96,2023,0.3942932188510895,0.4029282,False
coarsening,96,2024,0.3933879137039184,0.4054637,False
coarsening,96,2025,0.396179050207138,0.4002557,False
coarsening,96,2026,0.3942552208900451,0.4118225,False
coarsening,96,2027,0.3976541459560394,0.4111997,False
coarsening,96,2028,0.3961621224880218,0.4056717,False
coarsening,96,2029,0.395766407251358,0.4154068,False
coarsening,96,2030,0.3937015831470489,0.4150399,False
coarsening,96,2031,0.3936381638050079,0.4120416,False
coarsening,96,2032,0.3971465528011322,0.4128038,False
coarsening,96,2033,0.3970442116260528,0.4238882,False
coarsening,96,2034,0.3949304521083832,0.418346,False
coarsening,96,2035,0.3976391851902008,0.4048194,False
coarsening,96,2036,0.3978570103645324,0.414751,False
coarsening,96,2037,0.3970871567726135,0.4250134,False
coarsening,96,2038,0.3940732777118683,0.412776,False
coarsening,96,2039,0.3965345919132232,0.4054543,False
coarsening,96,2040,0.3970585167407989,0.4060614,False
coarsening,96,2041,0.3957648277282715,0.4038215,False
coarsening,96,2042,0.3947179615497589,0.4090657,False
coarsening,96,2043,0.3966846168041229,0.4281655,False
coarsening,96,2044,0.3934145867824554,0.4121798,False
coarsening,96,2045,0.3936508595943451,0.4264835,False
coarsening,96,2046,0.398208349943161,0.4109326,False
coarsening,96,2047,0.3947484791278839,0.4202605,False
coarsening,96,2048,0.3934781849384308,0.4090147,False
coarsening,96,2049,0.3964441120624542,0.425312,False
coarsening,96,2050,0.3991867899894714,0.4068274,False
finch_like,192,2021,0.4167906939983368,0.3787391,False
finch_like,192,2022,0.4165482223033905,0.3805688,False
finch_like,192,2023,0.4162698984146118,0.3777192,False
finch_like,192,2024,0.4159752428531647,0.3869891,False
finch_like,192,2025,0.4157289266586303,0.3833561,False
finch_like,192,2026,0.4156749546527862,0.3752811,False
finch_like,192,2027,0.4166603088378906,0.3815738,False
finch_like,192,2028,0.4161305427551269,0.3803022,False
finch_like,192,2029,0.4161229729652405,0.3838547,False
finch_like,192,2030,0.4161252677440643,0.3814817,False
finch_like,192,2031,0.4165243804454803,0.3823137,False
finch_like,192,2032,0.4165339171886444,0.3906878,False
finch_like,192,2033,0.4158373177051544,0.3779166,False
finch_like,192,2034,0.4169091284275055,0.3835001,False
finch_like,192,2035,0.4162147641181946,0.3826057,False
finch_like,192,2036,0.4169766008853912,0.3850369,False
finch_like,192,2037,0.41598641872406,0.3930322,False
finch_like,192,2038,0.4162426888942718,0.3822805,False
finch_like,192,2039,0.4170730113983154,0.3879855,False
finch_like,192,2040,0.4171631336212158,0.394055,False
finch_like,192,2041,0.4163245856761932,0.3836004,False
finch_like,192,2042,0.4159595370292663,0.3914202,False
finch_like,192,2043,0.4170012474060058,0.3898861,False
finch_like,192,2044,0.4161810278892517,0.3852688,False
finch_like,192,2045,0.4171647131443023,0.3896053,False
finch_like,192,2046,0.4155542254447937,0.3776012,False
finch_like,192,2047,0.4166805744171142,0.3909668,False
finch_like,192,2048,0.4174577593803406,0.3816048,False
finch_like,192,2049,0.4160118699073791,0.383568,False
finch_like,192,2050,0.4158906638622284,0.3852195,False
finch_like,336,2021,0.4318458437919616,0.3876547,False
finch_like,336,2022,0.4311257004737854,0.3891775,False
finch_like,336,2023,0.4313975870609283,0.3948096,False
finch_like,336,2024,0.4311091601848602,0.400351,False
finch_like,336,2025,0.4309718608856201,0.4067774,False
finch_like,336,2026,0.4311240017414093,0.3964943,False
finch_like,336,2027,0.4323846399784088,0.4299983,False
finch_like,336,2028,0.4307715892791748,0.3859597,False
finch_like,336,2029,0.4306727647781372,0.3946335,False
finch_like,336,2030,0.4315913915634155,0.3887125,False
finch_like,336,2031,0.4311998188495636,0.3964984,False
finch_like,336,2032,0.4306045174598694,0.3894875,False
finch_like,336,2033,0.4304890632629394,0.3871907,False
finch_like,336,2034,0.4314999282360077,0.3909288,False
finch_like,336,2035,0.4314394295215606,0.3945828,False
finch_like,336,2036,0.431226909160614,0.4046484,False
finch_like,336,2037,0.4308603703975677,0.4077526,False
finch_like,336,2038,0.4309031367301941,0.3918426,False
finch_like,336,2039,0.4307263195514679,0.3982382,False
finch_like,336,2040,0.4306896924972534,0.3890088,False
finch_like,336,2041,0.4310757219791412,0.3932247,False
finch_like,336,2042,0.4305511116981506,0.3891717,False
finch_like,336,2043,0.4311704337596893,0.3872401,False
finch_like,336,2044,0.4312395453453064,0.3902707,False
finch_like,336,2045,0.4310809075832367,0.3999733,False
finch_like,336,2046,0.4311822652816772,0.4070033,False
finch_like,336,2047,0.4312388896942138,0.3970118,False
finch_like,336,2048,0.4306304156780243,0.3920316,False
finch_like,336,2049,0.431210845708847,0.3970225,False
finch_like,336,2050,0.4313491582870483,0.4087123,False
finch_like,720,2021,0.4634453356266022,0.4324523,False
finch_like,720,2022,0.4633740484714508,0.4242117,False
finch_like,720,2023,0.4629608690738678,0.4344862,False
finch_like,720,2024,0.4637051820755005,0.4271046,False
finch_like,720,2025,0.4635743498802185,0.4372309,False
finch_like,720,2026,0.4638881981372833,0.4318338,False
finch_like,720,2027,0.4631353616714477,0.4336238,False
finch_like,720,2028,0.4630703628063202,0.4293979,False
finch_like,720,2029,0.4632700085639953,0.4288117,False
finch_like,720,2030,0.4629750251770019,0.4224562,False
finch_like,720,2031,0.4638619124889374,0.4358405,False
finch_like,720,2032,0.463316410779953,0.4204575,False
finch_like,720,2033,0.4630114138126373,0.422845,False
finch_like,720,2034,0.4634402096271515,0.4263255,False
finch_like,720,2035,0.4637408256530761,0.4432487,False
finch_like,720,2036,0.4632620513439178,0.4393986,False
finch_like,720,2037,0.4637123048305511,0.435678,False
finch_like,720,2038,0.4643862247467041,0.4406052,False
finch_like,720,2039,0.4637553095817566,0.4282037,False
finch_like,720,2040,0.4631608128547668,0.4257014,False
finch_like,720,2041,0.4639361202716827,0.4420231,False
finch_like,720,2042,0.4641294479370117,0.4433478,False
finch_like,720,2043,0.4643549919128418,0.4408141,False
finch_like,720,2044,0.4635647535324096,0.4174487,False
finch_like,720,2045,0.4630904793739319,0.4222973,False
finch_like,720,2046,0.4638488888740539,0.4193947,False
finch_like,720,2047,0.4642024934291839,0.4400466,False
finch_like,720,2048,0.4634792506694793,0.4188538,False
finch_like,720,2049,0.4635016024112701,0.4283631,False
finch_like,720,2050,0.4636590182781219,0.4359058,False
finch_like,96,2021,0.3953768312931061,0.4203772,False
finch_like,96,2022,0.3947632908821106,0.4131579,False
finch_like,96,2023,0.3959714770317077,0.4032978,False
finch_like,96,2024,0.3952813744544983,0.4259662,False
finch_like,96,2025,0.3957282304763794,0.4107627,False
finch_like,96,2026,0.395959734916687,0.413719,False
finch_like,96,2027,0.3958757519721985,0.4215044,False
finch_like,96,2028,0.3959453105926513,0.4129623,False
finch_like,96,2029,0.3964549899101257,0.4256759,False
finch_like,96,2030,0.3955396115779876,0.4192178,False
finch_like,96,2031,0.3957005441188812,0.4252338,False
finch_like,96,2032,0.3958197236061096,0.4176487,False
finch_like,96,2033,0.3964680731296539,0.4491879,False
finch_like,96,2034,0.3960891962051391,0.4253541,False
finch_like,96,2035,0.395646333694458,0.4095474,False
finch_like,96,2036,0.3962365090847015,0.4235134,False
finch_like,96,2037,0.3953312933444977,0.4312774,False
finch_like,96,2038,0.3966189622879028,0.4208361,False
finch_like,96,2039,0.3953362703323364,0.4088258,False
finch_like,96,2040,0.3954080641269684,0.4159346,False
finch_like,96,2041,0.3949414491653442,0.4034648,False
finch_like,96,2042,0.3954297006130218,0.4221615,False
finch_like,96,2043,0.3969559073448181,0.4429637,False
finch_like,96,2044,0.3960902988910675,0.4193973,False
finch_like,96,2045,0.3951518535614013,0.4242377,False
finch_like,96,2046,0.3949474990367889,0.423067,False
finch_like,96,2047,0.3957916498184204,0.4261073,False
finch_like,96,2048,0.3956144452095032,0.4064078,False
finch_like,96,2049,0.3959023654460907,0.4266721,False
finch_like,96,2050,0.3957954943180084,0.4178615,False
maximin_dispersion,192,2021,0.4158719778060913,0.3921367,False
maximin_dispersion,192,2022,0.4153003394603729,0.3958459,False
maximin_dispersion,192,2023,0.4155190587043762,0.3956991,False
maximin_dispersion,192,2024,0.4155089557170868,0.4112787,False
maximin_dispersion,192,2025,0.4152962863445282,0.389082,False
maximin_dispersion,192,2026,0.4132632613182068,0.3789114,False
maximin_dispersion,192,2027,0.4148296415805816,0.4061833,False
maximin_dispersion,192,2028,0.415402203798294,0.3918099,False
maximin_dispersion,192,2029,0.4142688512802124,0.3893954,False
maximin_dispersion,192,2030,0.4153987467288971,0.3820849,False
maximin_dispersion,192,2031,0.4154177010059356,0.3912883,False
maximin_dispersion,192,2032,0.4151034653186798,0.3931358,False
maximin_dispersion,192,2033,0.4159895479679107,0.3921294,False
maximin_dispersion,192,2034,0.4158840477466583,0.4078221,False
maximin_dispersion,192,2035,0.4153524339199066,0.3908028,False
maximin_dispersion,192,2036,0.4145561158657074,0.3851074,False
maximin_dispersion,192,2037,0.4153473675251007,0.405139,False
maximin_dispersion,192,2038,0.4154136180877685,0.4036164,False
maximin_dispersion,192,2039,0.4165264368057251,0.3971741,False
maximin_dispersion,192,2040,0.4141658246517181,0.3949385,False
maximin_dispersion,192,2041,0.414859414100647,0.3904495,False
maximin_dispersion,192,2042,0.4139137268066406,0.4040297,False
maximin_dispersion,192,2043,0.4164867103099823,0.4018977,False
maximin_dispersion,192,2044,0.4139676094055176,0.3877892,False
maximin_dispersion,192,2045,0.4149244129657745,0.3873826,False
maximin_dispersion,192,2046,0.4143404960632324,0.382226,False
maximin_dispersion,192,2047,0.4156142175197601,0.4332828,False
maximin_dispersion,192,2048,0.4156549870967865,0.3888579,False
maximin_dispersion,192,2049,0.4159687757492065,0.3982145,False
maximin_dispersion,192,2050,0.413808673620224,0.4016449,False
maximin_dispersion,336,2021,0.4318778216838836,0.4124127,False
maximin_dispersion,336,2022,0.4311897158622741,0.4155906,False
maximin_dispersion,336,2023,0.4301563799381256,0.3917992,False
maximin_dispersion,336,2024,0.4303528666496277,0.4223815,False
maximin_dispersion,336,2025,0.4309098124504089,0.4105332,False
maximin_dispersion,336,2026,0.4299584925174713,0.4085934,False
maximin_dispersion,336,2027,0.9675570726394652,0.6072637,True
maximin_dispersion,336,2028,0.4307338297367096,0.3939965,False
maximin_dispersion,336,2029,0.4309381246566772,0.4451445,False
maximin_dispersion,336,2030,0.4313476681709289,0.4040375,False
maximin_dispersion,336,2031,0.4317220449447632,0.4092789,False
maximin_dispersion,336,2032,0.4305670857429504,0.4100009,False
maximin_dispersion,336,2033,0.4306994676589966,0.3964765,False
maximin_dispersion,336,2034,0.4306540489196777,0.433526,False
maximin_dispersion,336,2035,0.4308837652206421,0.4047668,False
maximin_dispersion,336,2036,0.4305078983306885,0.4319339,False
maximin_dispersion,336,2037,0.4313226342201233,0.4244704,False
maximin_dispersion,336,2038,0.431233137845993,0.4058715,False
maximin_dispersion,336,2039,0.4309075474739074,0.4061704,False
maximin_dispersion,336,2040,0.429885059595108,0.4139343,False
maximin_dispersion,336,2041,0.4313949644565582,0.4066445,False
maximin_dispersion,336,2042,0.4311085939407348,0.4169,False
maximin_dispersion,336,2043,0.4318810999393463,0.4081581,False
maximin_dispersion,336,2044,0.4302881062030792,0.4036651,False
maximin_dispersion,336,2045,0.4305629134178161,0.4217027,False
maximin_dispersion,336,2046,0.4312405884265899,0.4291804,False
maximin_dispersion,336,2047,0.4297087788581848,0.4088724,False
maximin_dispersion,336,2048,0.4320856034755707,0.4135577,False
maximin_dispersion,336,2049,0.4322890341281891,0.4536878,False
maximin_dispersion,336,2050,0.4293453693389892,0.4518084,False
maximin_dispersion,720,2021,0.4643509685993194,0.4539301,False
maximin_dispersion,720,2022,0.4627118408679962,0.4542915,False
maximin_dispersion,720,2023,0.4625566899776459,0.4629739,False
maximin_dispersion,720,2024,0.4637270867824554,0.4583584,False
maximin_dispersion,720,2025,0.464562177658081,0.4745418,False
maximin_dispersion,720,2026,0.4628500938415527,0.4850792,False
maximin_dispersion,720,2027,0.4633875787258148,0.4655972,False
maximin_dispersion,720,2028,0.4673370122909546,0.543222,False
maximin_dispersion,720,2029,0.4670420885086059,0.5332772,False
maximin_dispersion,720,2030,0.4633960127830505,0.4526139,False
maximin_dispersion,720,2031,0.4666366875171661,0.5528299,False
maximin_dispersion,720,2032,0.4631369709968567,0.4632409,False
maximin_dispersion,720,2033,0.4642567038536072,0.4497221,False
maximin_dispersion,720,2034,0.9859436750411988,0.6305141,True
maximin_dispersion,720,2035,0.4664092659950256,0.5210049,False
maximin_dispersion,720,2036,0.4663621485233307,0.5341565,False
maximin_dispersion,720,2037,0.4665011167526245,0.5230631,False
maximin_dispersion,720,2038,1.0011979341506958,0.6226911,True
maximin_dispersion,720,2039,0.4647547304630279,0.4855978,False
maximin_dispersion,720,2040,0.4630660116672516,0.4721901,False
maximin_dispersion,720,2041,0.4632279574871063,0.4515817,False
maximin_dispersion,720,2042,0.4648826122283935,0.5208106,False
maximin_dispersion,720,2043,0.4646035730838775,0.4718537,False
maximin_dispersion,720,2044,0.4620699882507324,0.4368349,False
maximin_dispersion,720,2045,0.8588017225265503,0.616354,True
maximin_dispersion,720,2046,0.4635418951511383,0.4684304,False
maximin_dispersion,720,2047,0.4639679491519928,0.4713937,False
maximin_dispersion,720,2048,0.4648449122905731,0.4361932,False
maximin_dispersion,720,2049,0.9362422823905944,0.6260091,True
maximin_dispersion,720,2050,0.4629381895065307,0.4805444,False
maximin_dispersion,96,2021,0.7970144152641296,0.597737,True
maximin_dispersion,96,2022,0.3948134481906891,0.4402094,False
maximin_dispersion,96,2023,0.3937096893787384,0.4103843,False
maximin_dispersion,96,2024,0.3929382264614105,0.4338948,False
maximin_dispersion,96,2025,0.3954916894435882,0.448919,False
maximin_dispersion,96,2026,0.3945108652114868,0.4310626,False
maximin_dispersion,96,2027,0.3962813317775726,0.4870504,False
maximin_dispersion,96,2028,0.3941056132316589,0.4472984,False
maximin_dispersion,96,2029,0.3947148323059082,0.4289807,False
maximin_dispersion,96,2030,0.3945952653884887,0.4440653,False
maximin_dispersion,96,2031,0.3957010209560394,0.4643069,False
maximin_dispersion,96,2032,0.3945484161376953,0.4411203,False
maximin_dispersion,96,2033,0.3972826600074768,0.4916871,False
maximin_dispersion,96,2034,0.8298981189727783,0.6167871,True
maximin_dispersion,96,2035,0.3960676491260528,0.4350994,False
maximin_dispersion,96,2036,0.3941226005554199,0.4219068,False
maximin_dispersion,96,2037,0.3975358307361603,0.5352673,False
maximin_dispersion,96,2038,0.394855260848999,0.4812474,False
maximin_dispersion,96,2039,0.3966132998466491,0.4778959,False
maximin_dispersion,96,2040,0.3946864008903503,0.4275456,False
maximin_dispersion,96,2041,0.3951387405395508,0.4171311,False
maximin_dispersion,96,2042,0.3938176929950714,0.4359825,False
maximin_dispersion,96,2043,0.3955157995223999,0.4734727,False
maximin_dispersion,96,2044,0.3938452005386352,0.4373684,False
maximin_dispersion,96,2045,0.3962609767913818,0.4693464,False
maximin_dispersion,96,2046,0.3949822187423706,0.4466102,False
maximin_dispersion,96,2047,0.3946843445301056,0.4341679,False
maximin_dispersion,96,2048,0.3947591185569763,0.4298585,False
maximin_dispersion,96,2049,0.3960323333740234,0.4693895,False
maximin_dispersion,96,2050,0.3941910564899444,0.4557769,False
mi_based,192,2021,0.4146952033042907,0.3747942,False
mi_based,192,2022,0.4161216914653778,0.3875039,False
mi_based,192,2023,0.4147947430610657,0.3759786,False
mi_based,192,2024,0.4203304052352905,0.386319,False
mi_based,192,2025,0.415478378534317,0.378399,False
mi_based,192,2026,0.4159066379070282,0.3758112,False
mi_based,192,2027,0.4174458980560303,0.3785086,False
mi_based,192,2028,0.4198728203773498,0.3804424,False
mi_based,192,2029,0.4157029390335083,0.3824901,False
mi_based,192,2030,0.4154393672943115,0.3792604,False
mi_based,192,2031,0.4185088574886322,0.3844935,False
mi_based,192,2032,0.4229566752910614,0.3855801,False
mi_based,192,2033,0.4144130051136017,0.3766036,False
mi_based,192,2034,0.4193528890609741,0.3767773,False
mi_based,192,2035,0.4226665198802948,0.3764674,False
mi_based,192,2036,0.4163151979446411,0.3780013,False
mi_based,192,2037,0.4210630059242248,0.3910574,False
mi_based,192,2038,0.4190945923328399,0.3785017,False
mi_based,192,2039,0.4153434038162231,0.3822153,False
mi_based,192,2040,0.4150628447532654,0.3909968,False
mi_based,192,2041,0.420477420091629,0.3825203,False
mi_based,192,2042,0.4223418235778808,0.3822063,False
mi_based,192,2043,0.4163891077041626,0.3834029,False
mi_based,192,2044,0.4177061319351196,0.3842132,False
mi_based,192,2045,0.4166959524154663,0.3847442,False
mi_based,192,2046,0.4141647517681122,0.3818001,False
mi_based,192,2047,0.4164883494377136,0.3850829,False
mi_based,192,2048,0.4188627302646637,0.3809697,False
mi_based,192,2049,0.4152582585811615,0.3805073,False
mi_based,192,2050,0.4133978486061096,0.3834917,False
mi_based,336,2021,0.4295503795146942,0.3798638,False
mi_based,336,2022,0.4297540783882141,0.3826797,False
mi_based,336,2023,0.4295947253704071,0.3925657,False
mi_based,336,2024,0.4363763332366943,0.3958247,False
mi_based,336,2025,0.4304543137550354,0.3974286,False
mi_based,336,2026,0.4303917288780212,0.393299,False
mi_based,336,2027,0.4314134120941162,0.4061081,False
mi_based,336,2028,0.4341484010219574,0.3847524,False
mi_based,336,2029,0.4308551549911499,0.3927943,False
mi_based,336,2030,0.4313392341136932,0.3825611,False
mi_based,336,2031,0.4329556822776794,0.3914706,False
mi_based,336,2032,0.4363758862018585,0.3874475,False
mi_based,336,2033,0.4292965233325958,0.3893929,False
mi_based,336,2034,0.4333226382732391,0.3870834,False
mi_based,336,2035,0.4389821887016296,0.3884574,False
mi_based,336,2036,0.4316426515579223,0.4003655,False
mi_based,336,2037,0.4364386796951294,0.4023575,False
mi_based,336,2038,0.4338774383068084,0.3901523,False
mi_based,336,2039,0.4296794235706329,0.3905443,False
mi_based,336,2040,0.4288482069969177,0.3895464,False
mi_based,336,2041,0.4349785149097442,0.3891187,False
mi_based,336,2042,0.4363492131233215,0.3854171,False
mi_based,336,2043,0.4307677447795868,0.3851659,False
mi_based,336,2044,0.432691365480423,0.3887046,False
mi_based,336,2045,0.4307529926300049,0.3936045,False
mi_based,336,2046,0.4291136264801025,0.4034639,False
mi_based,336,2047,0.4304981231689453,0.3938766,False
mi_based,336,2048,0.4325194954872131,0.3894264,False
mi_based,336,2049,0.4301722347736358,0.3881961,False
mi_based,336,2050,0.4280704259872436,0.3966212,False
mi_based,720,2021,0.461439847946167,0.4229339,False
mi_based,720,2022,0.4619291424751282,0.4170725,False
mi_based,720,2023,0.4609988927841186,0.4286406,False
mi_based,720,2024,0.4688856303691864,0.4248821,False
mi_based,720,2025,0.4631117880344391,0.4261658,False
mi_based,720,2026,0.4634081423282623,0.4259527,False
mi_based,720,2027,0.463223785161972,0.4276563,False
mi_based,720,2028,0.4673784375190735,0.4201973,False
mi_based,720,2029,0.4628481566905975,0.422247,False
mi_based,720,2030,0.4635380208492279,0.420133,False
mi_based,720,2031,0.4669409990310669,0.4234628,False
mi_based,720,2032,0.4704622328281402,0.4212518,False
mi_based,720,2033,0.4614052772521972,0.420712,False
mi_based,720,2034,0.467315137386322,0.4219764,False
mi_based,720,2035,0.4731298685073852,0.4298838,False
mi_based,720,2036,0.4641690552234649,0.4394475,False
mi_based,720,2037,0.4710166156291961,0.4248408,False
mi_based,720,2038,0.4716221690177917,0.4378229,False
mi_based,720,2039,0.462825745344162,0.4208747,False
mi_based,720,2040,0.4621930718421936,0.4234192,False
mi_based,720,2041,0.4686150848865509,0.43144,False
mi_based,720,2042,0.4710089862346649,0.4320056,False
mi_based,720,2043,0.4641213119029999,0.4276324,False
mi_based,720,2044,0.4646767973899841,0.4350302,False
mi_based,720,2045,0.4634131193161011,0.4168054,False
mi_based,720,2046,0.462704449892044,0.4380322,False
mi_based,720,2047,0.4652969241142273,0.4258376,False
mi_based,720,2048,0.4666322767734527,0.4187597,False
mi_based,720,2049,0.4619137048721313,0.4236946,False
mi_based,720,2050,0.4611977338790893,0.4443143,False
mi_based,96,2021,0.3933766484260559,0.4182228,False
mi_based,96,2022,0.3931631445884704,0.4017942,False
mi_based,96,2023,0.3935274481773376,0.3986993,False
mi_based,96,2024,0.3990482687950134,0.407808,False
mi_based,96,2025,0.394609123468399,0.4080183,False
mi_based,96,2026,0.3947573900222778,0.4059969,False
mi_based,96,2027,0.3954822421073913,0.4110852,False
mi_based,96,2028,0.3974899351596832,0.4046034,False
mi_based,96,2029,0.3932564258575439,0.4033588,False
mi_based,96,2030,0.3943179845809936,0.415227,False
mi_based,96,2031,0.3965847194194793,0.411027,False
mi_based,96,2032,0.4040262699127197,0.4164381,False
mi_based,96,2033,0.3940256237983703,0.4278781,False
mi_based,96,2034,0.4000442326068878,0.412262,False
mi_based,96,2035,0.4021168053150177,0.4005912,False
mi_based,96,2036,0.3961826264858246,0.432416,False
mi_based,96,2037,0.3990424275398254,0.4294597,False
mi_based,96,2038,0.3989787101745605,0.4140696,False
mi_based,96,2039,0.3927355408668518,0.4078146,False
mi_based,96,2040,0.3933055400848388,0.4090851,False
mi_based,96,2041,0.3991326689720154,0.4033696,False
mi_based,96,2042,0.4001529216766357,0.4106651,False
mi_based,96,2043,0.3945298492908478,0.4267992,False
mi_based,96,2044,0.3973044157028198,0.4060577,False
mi_based,96,2045,0.394309937953949,0.4207354,False
mi_based,96,2046,0.3936035633087158,0.4130642,False
mi_based,96,2047,0.3958090543746948,0.422194,False
mi_based,96,2048,0.3969193398952484,0.4051456,False
mi_based,96,2049,0.3936681151390075,0.4211268,False
mi_based,96,2050,0.3924041092395782,0.4081175,False
ordered,192,2021,0.4162170886993408,0.3899971,False
ordered,192,2022,0.4155735373497009,0.3981505,False
ordered,192,2023,0.4156762063503265,0.386599,False
ordered,192,2024,0.4156100451946258,0.4020652,False
ordered,192,2025,0.4147469103336334,0.3900959,False
ordered,192,2026,0.4145976901054382,0.3830479,False
ordered,192,2027,0.4156569242477417,0.403727,False
ordered,192,2028,0.4153027832508087,0.3900443,False
ordered,192,2029,0.4162855446338653,0.3892956,False
ordered,192,2030,0.416282057762146,0.3815961,False
ordered,192,2031,0.4162837564945221,0.3883809,False
ordered,192,2032,0.4151467978954315,0.396816,False
ordered,192,2033,0.4151801466941833,0.3869762,False
ordered,192,2034,0.4162253141403198,0.3975473,False
ordered,192,2035,0.4156208634376526,0.3932606,False
ordered,192,2036,0.4165399968624115,0.3954619,False
ordered,192,2037,0.4159258604049682,0.4062499,False
ordered,192,2038,0.4146967828273773,0.397072,False
ordered,192,2039,0.4157610237598419,0.3979466,False
ordered,192,2040,0.4158775806427002,0.4003048,False
ordered,192,2041,0.4147994518280029,0.3894924,False
ordered,192,2042,0.4155463576316833,0.4026546,False
ordered,192,2043,0.4165248870849609,0.4037328,False
ordered,192,2044,0.415502518415451,0.3887811,False
ordered,192,2045,0.4153957664966583,0.3854083,False
ordered,192,2046,0.4155772924423218,0.3850922,False
ordered,192,2047,0.4165144860744476,0.4319824,False
ordered,192,2048,0.4148412048816681,0.3872339,False
ordered,192,2049,0.4157609343528747,0.3972885,False
ordered,192,2050,0.4157459139823913,0.3999992,False
ordered,336,2021,0.4302161335945129,0.4034161,False
ordered,336,2022,0.4303766191005707,0.4061872,False
ordered,336,2023,0.4323736429214477,0.4558159,False
ordered,336,2024,0.4303663969039917,0.4216899,False
ordered,336,2025,0.4304589629173279,0.413773,False
ordered,336,2026,0.4304965734481811,0.4098282,False
ordered,336,2027,0.8265584707260132,0.6004442,True
ordered,336,2028,0.4314803779125213,0.3929697,False
ordered,336,2029,0.4305033981800079,0.4308022,False
ordered,336,2030,0.430092304944992,0.3960276,False
ordered,336,2031,0.4315768480300903,0.4203282,False
ordered,336,2032,0.4316890239715576,0.4101692,False
ordered,336,2033,0.4297451078891754,0.3963402,False
ordered,336,2034,0.4315444827079773,0.4097471,False
ordered,336,2035,0.4309157431125641,0.4079478,False
ordered,336,2036,0.431347519159317,0.4318954,False
ordered,336,2037,0.431304395198822,0.4267532,False
ordered,336,2038,0.4311228990554809,0.4068286,False
ordered,336,2039,0.4303121566772461,0.4156264,False
ordered,336,2040,0.429902583360672,0.4035816,False
ordered,336,2041,0.430217295885086,0.40445,False
ordered,336,2042,0.4312067031860351,0.3972108,False
ordered,336,2043,0.4308962225914001,0.3971438,False
ordered,336,2044,0.4306425750255584,0.4048779,False
ordered,336,2045,0.4311204254627228,0.4200472,False
ordered,336,2046,0.4306655824184418,0.4213122,False
ordered,336,2047,0.4300169348716736,0.4116832,False
ordered,336,2048,0.4300370514392853,0.4126057,False
ordered,336,2049,0.4330615699291229,0.4784148,False
ordered,336,2050,0.4313735365867615,0.4500584,False
ordered,720,2021,0.4632957279682159,0.4517822,False
ordered,720,2022,0.4632368683815002,0.4477791,False
ordered,720,2023,0.463640958070755,0.4619402,False
ordered,720,2024,0.4639985561370849,0.4612216,False
ordered,720,2025,0.4645298421382904,0.4752856,False
ordered,720,2026,0.4655855000019073,0.5077962,False
ordered,720,2027,0.464343249797821,0.467508,False
ordered,720,2028,0.464087963104248,0.4649095,False
ordered,720,2029,0.4639813601970672,0.4744686,False
ordered,720,2030,0.4630800485610962,0.4568704,False
ordered,720,2031,0.4658657312393188,0.5172168,False
ordered,720,2032,0.4637617766857147,0.4569563,False
ordered,720,2033,0.4635249972343445,0.4448772,False
ordered,720,2034,0.4643255174160003,0.4705955,False
ordered,720,2035,0.9926088452339172,0.6325723,True
ordered,720,2036,0.472833514213562,0.5832687,False
ordered,720,2037,1.42071270942688,0.7121056,True
ordered,720,2038,0.4680403769016266,0.5278282,False
ordered,720,2039,0.4644659161567688,0.4779974,False
ordered,720,2040,0.4636736214160919,0.4732627,False
ordered,720,2041,0.4634462893009186,0.4500159,False
ordered,720,2042,0.4664673209190368,0.5327068,False
ordered,720,2043,0.4642760157585144,0.4707489,False
ordered,720,2044,0.4628977179527282,0.4333757,False
ordered,720,2045,0.4662832021713257,0.5380468,False
ordered,720,2046,0.4639071226119995,0.4669905,False
ordered,720,2047,0.4647216498851776,0.4703943,False
ordered,720,2048,0.4633686542510986,0.4353525,False
ordered,720,2049,0.4642480611801147,0.4787766,False
ordered,720,2050,0.4653210341930389,0.5126692,False
ordered,96,2021,0.3959899842739105,0.479219,False
ordered,96,2022,0.3943981528282165,0.4322611,False
ordered,96,2023,0.3933603465557098,0.4087898,False
ordered,96,2024,0.3941394984722137,0.4401513,False
ordered,96,2025,0.3955444693565368,0.4508269,False
ordered,96,2026,0.3934019207954407,0.4280291,False
ordered,96,2027,0.394856721162796,0.4619401,False
ordered,96,2028,0.394126683473587,0.4425299,False
ordered,96,2029,0.3944489359855652,0.433104,False
ordered,96,2030,0.3945053219795227,0.4486395,False
ordered,96,2031,0.3948642015457153,0.4527346,False
ordered,96,2032,0.3948985636234283,0.4322449,False
ordered,96,2033,0.9549533128738404,0.6188566,True
ordered,96,2034,0.3954066038131714,0.4676315,False
ordered,96,2035,0.3941748440265655,0.4466644,False
ordered,96,2036,0.3945608735084533,0.4371416,False
ordered,96,2037,0.3979643583297729,0.5303555,False
ordered,96,2038,0.3952381610870361,0.4760887,False
ordered,96,2039,0.3961831331253052,0.474145,False
ordered,96,2040,0.3934631645679474,0.4277853,False
ordered,96,2041,0.393506646156311,0.4117626,False
ordered,96,2042,0.3943861722946167,0.4752783,False
ordered,96,2043,0.3946098089218139,0.4656741,False
ordered,96,2044,0.3931384980678558,0.4280802,False
ordered,96,2045,0.3954077661037445,0.4692776,False
ordered,96,2046,0.3958238363265991,0.4501181,False
ordered,96,2047,0.3942179679870605,0.4358923,False
ordered,96,2048,0.3937297463417053,0.4194251,False
ordered,96,2049,0.4041170179843902,0.5683218,False
ordered,96,2050,0.3950061202049255,0.4686802,False
random,192,2021,0.4145167469978332,0.3867019,False
random,192,2022,0.4151324033737182,0.3956354,False
random,192,2023,0.4147000014781952,0.390693,False
random,192,2024,0.4153913259506225,0.4111217,False
random,192,2025,0.4148702025413513,0.3913021,False
random,192,2026,0.4141829013824463,0.3788517,False
random,192,2027,0.414955735206604,0.4101568,False
random,192,2028,0.4149519801139831,0.3876098,False
random,192,2029,0.4149883091449737,0.3861609,False
random,192,2030,0.4146348536014557,0.3825394,False
random,192,2031,0.4146178066730499,0.388088,False
random,192,2032,0.4147485494613647,0.3936138,False
random,192,2033,0.4156959056854248,0.3866832,False
random,192,2034,0.4156689643859863,0.3965201,False
random,192,2035,0.4148975908756256,0.3955347,False
random,192,2036,0.4147811532020569,0.3900617,False
random,192,2037,0.4142422676086426,0.4110277,False
random,192,2038,0.4149033725261688,0.4059321,False
random,192,2039,0.4150123000144958,0.3961866,False
random,192,2040,0.4148348569869995,0.3949838,False
random,192,2041,0.4155975580215454,0.3900032,False
random,192,2042,0.4144828617572784,0.4040507,False
random,192,2043,0.4146323800086975,0.4060135,False
random,192,2044,0.4149971604347229,0.39044,False
random,192,2045,0.4148332774639129,0.3862501,False
random,192,2046,0.4148055016994476,0.3848076,False
random,192,2047,0.4169084131717682,0.4427282,False
random,192,2048,0.4147968590259552,0.3873731,False
random,192,2049,0.4153059422969818,0.3970341,False
random,192,2050,0.4144050180912018,0.4075232,False
random,336,2021,0.4302457571029663,0.3991719,False
random,336,2022,0.4308386147022247,0.4048436,False
random,336,2023,0.4308603703975677,0.4601267,False
random,336,2024,0.431072473526001,0.4225136,False
random,336,2025,0.4304545521736145,0.4076447,False
random,336,2026,0.4304171204566955,0.4122001,False
random,336,2027,0.8311710357666016,0.5920448,True
random,336,2028,0.4309411942958832,0.3918349,False
random,336,2029,0.4304121136665344,0.440846,False
random,336,2030,0.4296613037586212,0.4002205,False
random,336,2031,0.431352287530899,0.4769097,False
random,336,2032,0.4304532706737518,0.403155,False
random,336,2033,0.4300784170627594,0.3973744,False
random,336,2034,0.4317509829998016,0.4385331,False
random,336,2035,0.429248571395874,0.4038928,False
random,336,2036,0.4312417209148407,0.4295387,False
random,336,2037,0.4315879940986633,0.4248183,False
random,336,2038,0.4307309985160827,0.4022859,False
random,336,2039,0.4321407973766327,0.4182518,False
random,336,2040,0.4293666779994964,0.4116341,False
random,336,2041,0.430468887090683,0.4070887,False
random,336,2042,0.4305956065654754,0.4311832,False
random,336,2043,0.4302025437355041,0.3978071,False
random,336,2044,0.431856244802475,0.404003,False
random,336,2045,0.42958465218544,0.4171869,False
random,336,2046,0.430263340473175,0.4233167,False
random,336,2047,0.4298042356967926,0.4104793,False
random,336,2048,0.4312784373760223,0.4410083,False
random,336,2049,0.4315677583217621,0.4325471,False
random,336,2050,0.4311448931694031,0.4572283,False
random,720,2021,0.4621778428554535,0.44348,False
random,720,2022,0.4642975032329559,0.4456866,False
random,720,2023,0.4624334573745727,0.4531469,False
random,720,2024,0.4632554352283478,0.4630317,False
random,720,2025,0.4641314148902893,0.4735477,False
random,720,2026,0.4627588093280792,0.4606072,False
random,720,2027,0.4636821448802948,0.4762984,False
random,720,2028,0.4644979238510132,0.4542232,False
random,720,2029,0.4631189703941345,0.4755031,False
random,720,2030,0.4622115790843963,0.4544472,False
random,720,2031,0.4669124186038971,0.5654633,False
random,720,2032,0.4632749259471893,0.478585,False
random,720,2033,0.4631368815898895,0.444782,False
random,720,2034,0.4638072848320007,0.470237,False
random,720,2035,0.4719412922859192,0.5890851,False
random,720,2036,1.448803424835205,0.7084868,True
random,720,2037,0.4653101563453674,0.5003838,False
random,720,2038,0.8666559457778931,0.6186569,True
random,720,2039,0.4652993977069855,0.4957129,False
random,720,2040,0.4626156687736511,0.467896,False
random,720,2041,0.4639065265655517,0.453977,False
random,720,2042,0.4626616239547729,0.4615991,False
random,720,2043,0.4636276066303253,0.4768258,False
random,720,2044,0.4637198150157928,0.4672869,False
random,720,2045,0.4642270803451538,0.4761544,False
random,720,2046,0.4629196226596832,0.4594146,False
random,720,2047,0.4702862203121185,0.5704046,False
random,720,2048,0.4630905389785766,0.4353475,False
random,720,2049,1.449898600578308,0.8436518,True
random,720,2050,0.4638390243053436,0.4917878,False
random,96,2021,0.3955297470092773,0.4668364,False
random,96,2022,0.3941024243831634,0.4377494,False
random,96,2023,0.3930073082447052,0.4078986,False
random,96,2024,0.3940883874893188,0.45102,False
random,96,2025,0.3966091573238373,0.4706285,False
random,96,2026,0.3943794071674347,0.4245603,False
random,96,2027,0.3960326015949249,0.4735481,False
random,96,2028,0.3949538767337799,0.4453671,False
random,96,2029,0.3945868015289306,0.4292732,False
random,96,2030,0.3938549160957336,0.4543938,False
random,96,2031,0.399274617433548,0.5142851,False
random,96,2032,0.3949652314186096,0.4525672,False
random,96,2033,0.3964276611804962,0.4813134,False
random,96,2034,0.4001557230949402,0.5394847,False
random,96,2035,0.3938422799110412,0.4236493,False
random,96,2036,0.3942980766296386,0.4363228,False
random,96,2037,0.8117522597312927,0.6157155,True
random,96,2038,0.3942311108112335,0.4667563,False
random,96,2039,0.3964608609676361,0.4684789,False
random,96,2040,0.3934347927570343,0.428698,False
random,96,2041,0.3938674628734588,0.4137028,False
random,96,2042,0.3939753770828247,0.4341038,False
random,96,2043,0.3938422203063965,0.4648275,False
random,96,2044,0.3950223624706268,0.4362588,False
random,96,2045,0.3952133357524872,0.4725467,False
random,96,2046,0.3960634469985962,0.4540515,False
random,96,2047,0.393604040145874,0.4364921,False
random,96,2048,0.392896294593811,0.4255537,False
random,96,2049,0.3965908288955688,0.4920523,False
random,96,2050,0.3951532244682312,0.4601638,False
score_stratified,192,2021,0.4135392606258392,0.3833064,False
score_stratified,192,2022,0.414390355348587,0.3959414,False
score_stratified,192,2023,0.415271908044815,0.3866557,False
score_stratified,192,2024,0.4145258665084839,0.4043575,False
score_stratified,192,2025,0.4141532778739929,0.3907176,False
score_stratified,192,2026,0.4144942462444305,0.382452,False
score_stratified,192,2027,0.4145710170269012,0.3981074,False
score_stratified,192,2028,0.4145981669425964,0.3933077,False
score_stratified,192,2029,0.4145764112472534,0.3880429,False
score_stratified,192,2030,0.4139000475406647,0.3821961,False
score_stratified,192,2031,0.4145589768886566,0.3893786,False
score_stratified,192,2032,0.4150161743164062,0.3937466,False
score_stratified,192,2033,0.4146340787410736,0.3898725,False
score_stratified,192,2034,0.4149800837039947,0.3981026,False
score_stratified,192,2035,0.4149717390537262,0.3943417,False
score_stratified,192,2036,0.4148914515972137,0.3931858,False
score_stratified,192,2037,0.4149328768253326,0.4108002,False
score_stratified,192,2038,0.4144404530525207,0.398417,False
score_stratified,192,2039,0.4144227802753448,0.3950169,False
score_stratified,192,2040,0.4149789810180664,0.4045255,False
score_stratified,192,2041,0.4145362675189972,0.3908115,False
score_stratified,192,2042,0.4147876799106598,0.4030538,False
score_stratified,192,2043,0.4149340987205505,0.4038607,False
score_stratified,192,2044,0.4145701825618744,0.3914457,False
score_stratified,192,2045,0.4155187904834747,0.3876504,False
score_stratified,192,2046,0.4144105315208435,0.3888221,False
score_stratified,192,2047,0.414805144071579,0.4273335,False
score_stratified,192,2048,0.414414495229721,0.3871313,False
score_stratified,192,2049,0.4152665436267853,0.3953867,False
score_stratified,192,2050,0.4145522117614746,0.4059129,False
score_stratified,336,2021,0.4297094345092773,0.3984125,False
score_stratified,336,2022,0.4313193261623382,0.4057365,False
score_stratified,336,2023,0.4308489263057709,0.4486986,False
score_stratified,336,2024,0.4307295680046081,0.4183321,False
score_stratified,336,2025,0.4292900264263153,0.4072782,False
score_stratified,336,2026,0.4296636879444122,0.4063466,False
score_stratified,336,2027,0.822731077671051,0.6041964,True
score_stratified,336,2028,0.4297065436840057,0.3922681,False
score_stratified,336,2029,0.4309382140636444,0.4405069,False
score_stratified,336,2030,0.4299581944942474,0.4002977,False
score_stratified,336,2031,0.4301004707813263,0.4104776,False
score_stratified,336,2032,0.4298752844333648,0.4016205,False
score_stratified,336,2033,0.4291190803050995,0.3929255,False
score_stratified,336,2034,0.430231899023056,0.4070694,False
score_stratified,336,2035,0.4297385811805725,0.4056674,False
score_stratified,336,2036,0.4301833212375641,0.4301705,False
score_stratified,336,2037,0.4309718310832977,0.4236627,False
score_stratified,336,2038,0.4300540089607239,0.40461,False
score_stratified,336,2039,0.4299373924732208,0.4031362,False
score_stratified,336,2040,0.4296591877937317,0.403724,False
score_stratified,336,2041,0.4299411177635193,0.404861,False
score_stratified,336,2042,0.4302451312541961,0.4336113,False
score_stratified,336,2043,0.4302274286746979,0.3966679,False
score_stratified,336,2044,0.4304260015487671,0.4033791,False
score_stratified,336,2045,0.4302736818790436,0.4195825,False
score_stratified,336,2046,0.4292571544647217,0.417899,False
score_stratified,336,2047,0.4295954704284668,0.4101647,False
score_stratified,336,2048,0.4293763935565948,0.4047194,False
score_stratified,336,2049,0.4307472109794616,0.4169253,False
score_stratified,336,2050,0.4312151968479156,0.4560526,False
score_stratified,720,2021,0.4633955955505371,0.4463844,False
score_stratified,720,2022,0.462932676076889,0.4466239,False
score_stratified,720,2023,0.4637477993965149,0.4763155,False
score_stratified,720,2024,0.462849348783493,0.4627742,False
score_stratified,720,2025,0.4633214175701141,0.4487357,False
score_stratified,720,2026,0.4625984132289886,0.466346,False
score_stratified,720,2027,0.4633683860301971,0.4677682,False
score_stratified,720,2028,0.4633618593215942,0.4510383,False
score_stratified,720,2029,0.4635018706321716,0.4766895,False
score_stratified,720,2030,0.462963342666626,0.4539081,False
score_stratified,720,2031,0.8744826912879944,0.6095201,True
score_stratified,720,2032,0.4628466963768005,0.457151,False
score_stratified,720,2033,0.4628492295742035,0.4474246,False
score_stratified,720,2034,0.4644070565700531,0.475686,False
score_stratified,720,2035,0.4638233184814453,0.4989769,False
score_stratified,720,2036,0.9879204630851746,0.6325866,True
score_stratified,720,2037,0.540175199508667,0.6004242,False
score_stratified,720,2038,0.4704980850219726,0.5642148,False
score_stratified,720,2039,0.9011526703834534,0.6183704,True
score_stratified,720,2040,0.4645170867443084,0.5061849,False
score_stratified,720,2041,0.463443398475647,0.451115,False
score_stratified,720,2042,0.4653142690658569,0.5170103,False
score_stratified,720,2043,0.4637899994850158,0.4713182,False
score_stratified,720,2044,0.4623019397258758,0.4528656,False
score_stratified,720,2045,0.4642010033130646,0.4699169,False
score_stratified,720,2046,0.463785171508789,0.4692405,False
score_stratified,720,2047,0.4639982879161834,0.4722617,False
score_stratified,720,2048,0.463061511516571,0.4333361,False
score_stratified,720,2049,0.4636875689029693,0.4803275,False
score_stratified,720,2050,0.4659081399440765,0.5244221,False
score_stratified,96,2021,0.3952485024929046,0.4652846,False
score_stratified,96,2022,0.3932609558105469,0.4285703,False
score_stratified,96,2023,0.3930204510688782,0.4103348,False
score_stratified,96,2024,0.3941785395145416,0.4361802,False
score_stratified,96,2025,0.3947688639163971,0.4493562,False
score_stratified,96,2026,0.3929533362388611,0.4272442,False
score_stratified,96,2027,0.3950337171554565,0.4680214,False
score_stratified,96,2028,0.3944660723209381,0.4503792,False
score_stratified,96,2029,0.3946828246116638,0.4321445,False
score_stratified,96,2030,0.3945669531822204,0.4469984,False
score_stratified,96,2031,0.3957805931568146,0.5028604,False
score_stratified,96,2032,0.395545095205307,0.4457411,False
score_stratified,96,2033,0.4072116017341614,0.5922448,False
score_stratified,96,2034,0.4029843211174011,0.5714648,False
score_stratified,96,2035,0.3940199613571167,0.4266434,False
score_stratified,96,2036,0.3939899802207947,0.4306732,False
score_stratified,96,2037,0.8076370358467102,0.6166455,True
score_stratified,96,2038,0.3940752744674682,0.4621544,False
score_stratified,96,2039,0.3965593576431274,0.4955773,False
score_stratified,96,2040,0.3942089676856994,0.4283479,False
score_stratified,96,2041,0.394119530916214,0.4158586,False
score_stratified,96,2042,0.3937899172306061,0.4419304,False
score_stratified,96,2043,0.3968271911144256,0.5073485,False
score_stratified,96,2044,0.3935191035270691,0.4302869,False
score_stratified,96,2045,0.3948065638542175,0.4650775,False
score_stratified,96,2046,0.3947634994983673,0.4511074,False
score_stratified,96,2047,0.3946467041969299,0.4471391,False
score_stratified,96,2048,0.3926438987255096,0.4229968,False
score_stratified,96,2049,0.3951496481895447,0.4751597,False
score_stratified,96,2050,0.3948506712913513,0.4506062,False
